method,camera_frame,cumulative_fp
radar_bounded_crops,119,1
radar_bounded_crops,120,4
radar_bounded_crops,121,6
radar_bounded_crops,122,9
radar_bounded_crops,123,11
radar_bounded_crops,124,14
radar_bounded_crops,125,16
radar_bounded_crops,126,18
radar_bounded_crops,127,20
radar_bounded_crops,128,22
radar_bounded_crops,129,25
radar_bounded_crops,130,28
radar_bounded_crops,131,30
radar_bounded_crops,132,32
radar_bounded_crops,133,34
radar_bounded_crops,134,35
radar_bounded_crops,135,37
radar_bounded_crops,136,39
radar_bounded_crops,137,40
radar_bounded_crops,138,41
radar_bounded_crops,139,42
radar_bounded_crops,140,43
radar_bounded_crops,141,44
radar_bounded_crops,142,45
radar_bounded_crops,143,46
radar_bounded_crops,144,47
radar_bounded_crops,145,48
radar_bounded_crops,146,48
radar_bounded_crops,147,49
radar_bounded_crops,148,49
radar_bounded_crops,149,50
radar_bounded_crops,150,50
radar_bounded_crops,151,51
radar_bounded_crops,152,51
radar_bounded_crops,153,51
radar_bounded_crops,154,51
radar_bounded_crops,155,51
radar_bounded_crops,156,51
radar_bounded_crops,157,51
radar_bounded_crops,158,51
radar_bounded_crops,159,53
radar_bounded_crops,160,54
radar_bounded_crops,161,56
radar_bounded_crops,162,57
radar_bounded_crops,163,59
radar_bounded_crops,164,61
radar_bounded_crops,165,63
radar_bounded_crops,166,65
radar_bounded_crops,167,67
radar_bounded_crops,168,69
radar_bounded_crops,169,69
radar_bounded_crops,170,70
radar_bounded_crops,171,73
radar_bounded_crops,172,73
radar_bounded_crops,173,75
radar_bounded_crops,174,75
radar_bounded_crops,175,76
radar_bounded_crops,176,76
radar_bounded_crops,177,77
radar_bounded_crops,178,78
radar_bounded_crops,179,79
radar_bounded_crops,180,80
radar_bounded_crops,181,80
radar_bounded_crops,182,81
radar_bounded_crops,183,82
radar_bounded_crops,184,83
radar_bounded_crops,185,85
radar_bounded_crops,186,86
radar_bounded_crops,187,87
radar_bounded_crops,188,88
radar_bounded_crops,189,89
radar_bounded_crops,190,90
radar_bounded_crops,191,91
radar_bounded_crops,192,92
radar_bounded_crops,193,92
radar_bounded_crops,194,93
radar_bounded_crops,195,94
radar_bounded_crops,196,95
radar_bounded_crops,197,96
radar_bounded_crops,198,98
radar_bounded_crops,199,98
radar_bounded_crops,200,98
radar_bounded_crops,201,100
radar_bounded_crops,202,101
radar_bounded_crops,203,101
radar_bounded_crops,204,101
radar_bounded_crops,205,102
radar_bounded_crops,206,102
radar_bounded_crops,207,102
radar_bounded_crops,208,102
radar_bounded_crops,209,103
radar_bounded_crops,210,103
radar_bounded_crops,211,104
radar_bounded_crops,212,105
radar_bounded_crops,213,106
radar_bounded_crops,214,107
radar_bounded_crops,215,108
radar_bounded_crops,216,109
radar_bounded_crops,217,111
radar_bounded_crops,218,112
radar_bounded_crops,219,114
radar_bounded_crops,220,115
radar_bounded_crops,221,116
radar_bounded_crops,222,117
radar_bounded_crops,223,117
radar_bounded_crops,224,118
radar_bounded_crops,225,119
radar_bounded_crops,226,120
radar_bounded_crops,227,120
radar_bounded_crops,228,121
radar_bounded_crops,229,122
radar_bounded_crops,230,122
radar_bounded_crops,231,123
radar_bounded_crops,232,124
radar_bounded_crops,233,125
radar_bounded_crops,234,126
radar_bounded_crops,235,127
radar_bounded_crops,236,128
radar_bounded_crops,237,129
radar_bounded_crops,238,130
radar_bounded_crops,239,131
radar_bounded_crops,240,133
radar_bounded_crops,241,134
radar_bounded_crops,242,134
radar_bounded_crops,243,135
radar_bounded_crops,244,135
radar_bounded_crops,245,135
radar_bounded_crops,246,136
radar_bounded_crops,247,137
radar_bounded_crops,248,138
radar_bounded_crops,249,139
radar_bounded_crops,250,139
radar_bounded_crops,251,139
radar_bounded_crops,252,139
radar_bounded_crops,253,140
radar_bounded_crops,254,142
radar_bounded_crops,255,143
radar_bounded_crops,256,144
radar_bounded_crops,257,145
radar_bounded_crops,258,147
radar_bounded_crops,259,148
radar_bounded_crops,260,148
radar_bounded_crops,261,148
radar_bounded_crops,262,148
radar_bounded_crops,263,149
radar_bounded_crops,264,150
radar_bounded_crops,265,151
radar_bounded_crops,266,152
radar_bounded_crops,267,152
radar_bounded_crops,268,153
radar_bounded_crops,269,155
radar_bounded_crops,270,156
radar_bounded_crops,271,157
radar_bounded_crops,272,157
radar_bounded_crops,273,158
radar_bounded_crops,274,159
radar_bounded_crops,275,161
radar_bounded_crops,276,163
radar_bounded_crops,277,165
radar_bounded_crops,278,167
radar_bounded_crops,279,169
radar_bounded_crops,280,170
radar_bounded_crops,281,171
radar_bounded_crops,282,173
radar_bounded_crops,283,175
radar_bounded_crops,284,177
radar_bounded_crops,285,179
radar_bounded_crops,286,180
radar_bounded_crops,287,182
radar_bounded_crops,288,184
radar_bounded_crops,289,186
radar_bounded_crops,290,187
radar_bounded_crops,291,189
radar_bounded_crops,292,191
radar_bounded_crops,293,193
radar_bounded_crops,294,194
radar_bounded_crops,295,195
radar_bounded_crops,296,196
radar_bounded_crops,297,198
radar_bounded_crops,298,199
radar_bounded_crops,299,199
radar_bounded_crops,300,199
radar_bounded_crops,301,199
radar_bounded_crops,302,200
radar_bounded_crops,303,200
radar_bounded_crops,304,200
radar_bounded_crops,305,202
radar_bounded_crops,306,204
radar_bounded_crops,307,205
radar_bounded_crops,308,206
radar_bounded_crops,309,206
radar_bounded_crops,310,208
radar_bounded_crops,311,209
radar_bounded_crops,312,212
radar_bounded_crops,313,214
radar_bounded_crops,314,214
radar_bounded_crops,315,215
radar_bounded_crops,316,216
radar_bounded_crops,317,216
radar_bounded_crops,318,217
radar_bounded_crops,319,217
radar_bounded_crops,320,218
radar_bounded_crops,321,219
radar_bounded_crops,322,220
radar_bounded_crops,323,221
radar_bounded_crops,324,222
radar_bounded_crops,325,223
radar_bounded_crops,326,223
radar_bounded_crops,327,223
radar_bounded_crops,328,224
radar_bounded_crops,329,225
radar_bounded_crops,330,226
radar_bounded_crops,331,227
radar_bounded_crops,332,229
radar_bounded_crops,333,230
radar_bounded_crops,334,231
radar_bounded_crops,335,232
radar_bounded_crops,336,234
radar_bounded_crops,337,235
radar_bounded_crops,338,236
radar_bounded_crops,339,237
radar_bounded_crops,340,238
radar_bounded_crops,341,240
radar_bounded_crops,342,242
radar_bounded_crops,343,244
radar_bounded_crops,344,245
radar_bounded_crops,345,246
radar_bounded_crops,346,247
radar_bounded_crops,347,248
radar_bounded_crops,348,249
radar_bounded_crops,349,249
radar_bounded_crops,350,250
radar_bounded_crops,351,250
radar_bounded_crops,352,250
radar_bounded_crops,353,251
radar_bounded_crops,354,252
radar_bounded_crops,355,253
radar_bounded_crops,356,253
radar_bounded_crops,357,253
radar_bounded_crops,358,253
radar_bounded_crops,359,254
radar_bounded_crops,360,255
radar_bounded_crops,361,255
radar_bounded_crops,362,256
radar_bounded_crops,363,257
radar_bounded_crops,364,258
radar_bounded_crops,365,259
radar_bounded_crops,366,260
radar_bounded_crops,367,261
radar_bounded_crops,368,262
radar_bounded_crops,369,263
radar_bounded_crops,370,265
radar_bounded_crops,371,265
radar_bounded_crops,372,266
radar_bounded_crops,373,268
radar_bounded_crops,374,269
radar_bounded_crops,375,271
radar_bounded_crops,376,273
radar_bounded_crops,377,275
radar_bounded_crops,378,277
radar_bounded_crops,379,277
radar_bounded_crops,380,277
radar_bounded_crops,381,277
radar_bounded_crops,382,277
radar_bounded_crops,383,278
radar_bounded_crops,384,278
radar_bounded_crops,385,279
radar_bounded_crops,386,280
radar_bounded_crops,387,280
radar_bounded_crops,388,280
radar_bounded_crops,389,280
radar_bounded_crops,390,280
radar_bounded_crops,391,281
radar_bounded_crops,392,283
radar_bounded_crops,393,285
radar_bounded_crops,394,285
radar_bounded_crops,395,285
radar_bounded_crops,396,285
radar_bounded_crops,397,285
radar_bounded_crops,398,286
radar_bounded_crops,399,289
radar_bounded_crops,400,292
radar_bounded_crops,401,296
radar_bounded_crops,402,299
radar_bounded_crops,403,300
radar_bounded_crops,404,302
radar_bounded_crops,405,305
radar_bounded_crops,406,309
radar_bounded_crops,407,313
radar_bounded_crops,408,317
radar_bounded_crops,409,318
radar_bounded_crops,410,319
radar_bounded_crops,411,320
radar_bounded_crops,412,321
radar_bounded_crops,413,323
radar_bounded_crops,414,324
radar_bounded_crops,415,325
radar_bounded_crops,416,326
radar_bounded_crops,417,328
radar_bounded_crops,418,329
radar_confidence_gated,119,0
radar_confidence_gated,120,0
radar_confidence_gated,121,0
radar_confidence_gated,122,0
radar_confidence_gated,123,0
radar_confidence_gated,124,0
radar_confidence_gated,125,0
radar_confidence_gated,126,0
radar_confidence_gated,127,0
radar_confidence_gated,128,0
radar_confidence_gated,129,0
radar_confidence_gated,130,0
radar_confidence_gated,131,0
radar_confidence_gated,132,0
radar_confidence_gated,133,0
radar_confidence_gated,134,0
radar_confidence_gated,135,0
radar_confidence_gated,136,0
radar_confidence_gated,137,0
radar_confidence_gated,138,0
radar_confidence_gated,139,0
radar_confidence_gated,140,0
radar_confidence_gated,141,0
radar_confidence_gated,142,0
radar_confidence_gated,143,0
radar_confidence_gated,144,0
radar_confidence_gated,145,0
radar_confidence_gated,146,0
radar_confidence_gated,147,0
radar_confidence_gated,148,0
radar_confidence_gated,149,0
radar_confidence_gated,150,0
radar_confidence_gated,151,0
radar_confidence_gated,152,0
radar_confidence_gated,153,0
radar_confidence_gated,154,0
radar_confidence_gated,155,0
radar_confidence_gated,156,0
radar_confidence_gated,157,0
radar_confidence_gated,158,0
radar_confidence_gated,159,0
radar_confidence_gated,160,0
radar_confidence_gated,161,0
radar_confidence_gated,162,0
radar_confidence_gated,163,0
radar_confidence_gated,164,0
radar_confidence_gated,165,0
radar_confidence_gated,166,0
radar_confidence_gated,167,0
radar_confidence_gated,168,0
radar_confidence_gated,169,0
radar_confidence_gated,170,0
radar_confidence_gated,171,0
radar_confidence_gated,172,0
radar_confidence_gated,173,0
radar_confidence_gated,174,0
radar_confidence_gated,175,0
radar_confidence_gated,176,0
radar_confidence_gated,177,0
radar_confidence_gated,178,0
radar_confidence_gated,179,0
radar_confidence_gated,180,0
radar_confidence_gated,181,0
radar_confidence_gated,182,0
radar_confidence_gated,183,0
radar_confidence_gated,184,0
radar_confidence_gated,185,0
radar_confidence_gated,186,0
radar_confidence_gated,187,0
radar_confidence_gated,188,0
radar_confidence_gated,189,0
radar_confidence_gated,190,0
radar_confidence_gated,191,0
radar_confidence_gated,192,0
radar_confidence_gated,193,0
radar_confidence_gated,194,0
radar_confidence_gated,195,0
radar_confidence_gated,196,0
radar_confidence_gated,197,0
radar_confidence_gated,198,0
radar_confidence_gated,199,0
radar_confidence_gated,200,0
radar_confidence_gated,201,0
radar_confidence_gated,202,0
radar_confidence_gated,203,0
radar_confidence_gated,204,0
radar_confidence_gated,205,0
radar_confidence_gated,206,0
radar_confidence_gated,207,0
radar_confidence_gated,208,0
radar_confidence_gated,209,0
radar_confidence_gated,210,0
radar_confidence_gated,211,0
radar_confidence_gated,212,0
radar_confidence_gated,213,0
radar_confidence_gated,214,0
radar_confidence_gated,215,0
radar_confidence_gated,216,0
radar_confidence_gated,217,0
radar_confidence_gated,218,0
radar_confidence_gated,219,0
radar_confidence_gated,220,0
radar_confidence_gated,221,0
radar_confidence_gated,222,0
radar_confidence_gated,223,0
radar_confidence_gated,224,0
radar_confidence_gated,225,0
radar_confidence_gated,226,0
radar_confidence_gated,227,0
radar_confidence_gated,228,0
radar_confidence_gated,229,0
radar_confidence_gated,230,0
radar_confidence_gated,231,0
radar_confidence_gated,232,0
radar_confidence_gated,233,0
radar_confidence_gated,234,0
radar_confidence_gated,235,0
radar_confidence_gated,236,0
radar_confidence_gated,237,0
radar_confidence_gated,238,0
radar_confidence_gated,239,0
radar_confidence_gated,240,0
radar_confidence_gated,241,0
radar_confidence_gated,242,0
radar_confidence_gated,243,0
radar_confidence_gated,244,0
radar_confidence_gated,245,0
radar_confidence_gated,246,0
radar_confidence_gated,247,0
radar_confidence_gated,248,0
radar_confidence_gated,249,1
radar_confidence_gated,250,1
radar_confidence_gated,251,1
radar_confidence_gated,252,1
radar_confidence_gated,253,1
radar_confidence_gated,254,1
radar_confidence_gated,255,1
radar_confidence_gated,256,1
radar_confidence_gated,257,1
radar_confidence_gated,258,1
radar_confidence_gated,259,1
radar_confidence_gated,260,1
radar_confidence_gated,261,1
radar_confidence_gated,262,1
radar_confidence_gated,263,1
radar_confidence_gated,264,1
radar_confidence_gated,265,1
radar_confidence_gated,266,1
radar_confidence_gated,267,1
radar_confidence_gated,268,1
radar_confidence_gated,269,1
radar_confidence_gated,270,1
radar_confidence_gated,271,1
radar_confidence_gated,272,1
radar_confidence_gated,273,1
radar_confidence_gated,274,1
radar_confidence_gated,275,1
radar_confidence_gated,276,1
radar_confidence_gated,277,1
radar_confidence_gated,278,1
radar_confidence_gated,279,1
radar_confidence_gated,280,1
radar_confidence_gated,281,1
radar_confidence_gated,282,1
radar_confidence_gated,283,1
radar_confidence_gated,284,1
radar_confidence_gated,285,1
radar_confidence_gated,286,1
radar_confidence_gated,287,1
radar_confidence_gated,288,1
radar_confidence_gated,289,1
radar_confidence_gated,290,1
radar_confidence_gated,291,1
radar_confidence_gated,292,1
radar_confidence_gated,293,1
radar_confidence_gated,294,1
radar_confidence_gated,295,1
radar_confidence_gated,296,1
radar_confidence_gated,297,1
radar_confidence_gated,298,1
radar_confidence_gated,299,1
radar_confidence_gated,300,1
radar_confidence_gated,301,1
radar_confidence_gated,302,1
radar_confidence_gated,303,1
radar_confidence_gated,304,1
radar_confidence_gated,305,1
radar_confidence_gated,306,1
radar_confidence_gated,307,1
radar_confidence_gated,308,1
radar_confidence_gated,309,1
radar_confidence_gated,310,1
radar_confidence_gated,311,1
radar_confidence_gated,312,1
radar_confidence_gated,313,1
radar_confidence_gated,314,1
radar_confidence_gated,315,1
radar_confidence_gated,316,1
radar_confidence_gated,317,1
radar_confidence_gated,318,1
radar_confidence_gated,319,1
radar_confidence_gated,320,1
radar_confidence_gated,321,1
radar_confidence_gated,322,1
radar_confidence_gated,323,1
radar_confidence_gated,324,1
radar_confidence_gated,325,1
radar_confidence_gated,326,1
radar_confidence_gated,327,1
radar_confidence_gated,328,1
radar_confidence_gated,329,1
radar_confidence_gated,330,1
radar_confidence_gated,331,1
radar_confidence_gated,332,1
radar_confidence_gated,333,1
radar_confidence_gated,334,1
radar_confidence_gated,335,1
radar_confidence_gated,336,1
radar_confidence_gated,337,1
radar_confidence_gated,338,1
radar_confidence_gated,339,1
radar_confidence_gated,340,1
radar_confidence_gated,341,2
radar_confidence_gated,342,2
radar_confidence_gated,343,2
radar_confidence_gated,344,2
radar_confidence_gated,345,2
radar_confidence_gated,346,2
radar_confidence_gated,347,2
radar_confidence_gated,348,2
radar_confidence_gated,349,2
radar_confidence_gated,350,2
radar_confidence_gated,351,2
radar_confidence_gated,352,2
radar_confidence_gated,353,2
radar_confidence_gated,354,2
radar_confidence_gated,355,2
radar_confidence_gated,356,2
radar_confidence_gated,357,2
radar_confidence_gated,358,2
radar_confidence_gated,359,2
radar_confidence_gated,360,2
radar_confidence_gated,361,3
radar_confidence_gated,362,3
radar_confidence_gated,363,3
radar_confidence_gated,364,3
radar_confidence_gated,365,3
radar_confidence_gated,366,3
radar_confidence_gated,367,3
radar_confidence_gated,368,3
radar_confidence_gated,369,3
radar_confidence_gated,370,3
radar_confidence_gated,371,3
radar_confidence_gated,372,3
radar_confidence_gated,373,3
radar_confidence_gated,374,3
radar_confidence_gated,375,3
radar_confidence_gated,376,3
radar_confidence_gated,377,3
radar_confidence_gated,378,3
radar_confidence_gated,379,3
radar_confidence_gated,380,3
radar_confidence_gated,381,3
radar_confidence_gated,382,3
radar_confidence_gated,383,3
radar_confidence_gated,384,3
radar_confidence_gated,385,3
radar_confidence_gated,386,3
radar_confidence_gated,387,3
radar_confidence_gated,388,3
radar_confidence_gated,389,3
radar_confidence_gated,390,3
radar_confidence_gated,391,3
radar_confidence_gated,392,3
radar_confidence_gated,393,3
radar_confidence_gated,394,4
radar_confidence_gated,395,5
radar_confidence_gated,396,5
radar_confidence_gated,397,5
radar_confidence_gated,398,5
radar_confidence_gated,399,5
radar_confidence_gated,400,5
radar_confidence_gated,401,5
radar_confidence_gated,402,5
radar_confidence_gated,403,5
radar_confidence_gated,404,5
radar_confidence_gated,405,5
radar_confidence_gated,406,5
radar_confidence_gated,407,5
radar_confidence_gated,408,5
radar_confidence_gated,409,5
radar_confidence_gated,410,5
radar_confidence_gated,411,5
radar_confidence_gated,412,6
radar_confidence_gated,413,6
radar_confidence_gated,414,7
radar_confidence_gated,415,7
radar_confidence_gated,416,8
radar_confidence_gated,417,8
radar_confidence_gated,418,8
vision_only_tiled,119,0
vision_only_tiled,120,0
vision_only_tiled,121,0
vision_only_tiled,122,0
vision_only_tiled,123,0
vision_only_tiled,124,0
vision_only_tiled,125,0
vision_only_tiled,126,0
vision_only_tiled,127,0
vision_only_tiled,128,0
vision_only_tiled,129,0
vision_only_tiled,130,0
vision_only_tiled,131,0
vision_only_tiled,132,0
vision_only_tiled,133,0
vision_only_tiled,134,0
vision_only_tiled,135,0
vision_only_tiled,136,0
vision_only_tiled,137,0
vision_only_tiled,138,0
vision_only_tiled,139,0
vision_only_tiled,140,0
vision_only_tiled,141,0
vision_only_tiled,142,0
vision_only_tiled,143,0
vision_only_tiled,144,0
vision_only_tiled,145,0
vision_only_tiled,146,0
vision_only_tiled,147,0
vision_only_tiled,148,0
vision_only_tiled,149,0
vision_only_tiled,150,0
vision_only_tiled,151,0
vision_only_tiled,152,0
vision_only_tiled,153,0
vision_only_tiled,154,0
vision_only_tiled,155,0
vision_only_tiled,156,0
vision_only_tiled,157,0
vision_only_tiled,158,0
vision_only_tiled,159,0
vision_only_tiled,160,0
vision_only_tiled,161,0
vision_only_tiled,162,0
vision_only_tiled,163,0
vision_only_tiled,164,0
vision_only_tiled,165,0
vision_only_tiled,166,0
vision_only_tiled,167,0
vision_only_tiled,168,0
vision_only_tiled,169,0
vision_only_tiled,170,0
vision_only_tiled,171,0
vision_only_tiled,172,0
vision_only_tiled,173,0
vision_only_tiled,174,0
vision_only_tiled,175,0
vision_only_tiled,176,0
vision_only_tiled,177,0
vision_only_tiled,178,0
vision_only_tiled,179,0
vision_only_tiled,180,0
vision_only_tiled,181,0
vision_only_tiled,182,0
vision_only_tiled,183,0
vision_only_tiled,184,0
vision_only_tiled,185,0
vision_only_tiled,186,0
vision_only_tiled,187,0
vision_only_tiled,188,0
vision_only_tiled,189,0
vision_only_tiled,190,0
vision_only_tiled,191,0
vision_only_tiled,192,0
vision_only_tiled,193,0
vision_only_tiled,194,0
vision_only_tiled,195,0
vision_only_tiled,196,0
vision_only_tiled,197,0
vision_only_tiled,198,0
vision_only_tiled,199,0
vision_only_tiled,200,0
vision_only_tiled,201,0
vision_only_tiled,202,0
vision_only_tiled,203,0
vision_only_tiled,204,0
vision_only_tiled,205,0
vision_only_tiled,206,0
vision_only_tiled,207,0
vision_only_tiled,208,0
vision_only_tiled,209,0
vision_only_tiled,210,0
vision_only_tiled,211,0
vision_only_tiled,212,0
vision_only_tiled,213,0
vision_only_tiled,214,0
vision_only_tiled,215,0
vision_only_tiled,216,0
vision_only_tiled,217,0
vision_only_tiled,218,0
vision_only_tiled,219,0
vision_only_tiled,220,0
vision_only_tiled,221,0
vision_only_tiled,222,0
vision_only_tiled,223,0
vision_only_tiled,224,0
vision_only_tiled,225,0
vision_only_tiled,226,0
vision_only_tiled,227,0
vision_only_tiled,228,0
vision_only_tiled,229,0
vision_only_tiled,230,0
vision_only_tiled,231,0
vision_only_tiled,232,0
vision_only_tiled,233,0
vision_only_tiled,234,0
vision_only_tiled,235,0
vision_only_tiled,236,0
vision_only_tiled,237,0
vision_only_tiled,238,0
vision_only_tiled,239,0
vision_only_tiled,240,0
vision_only_tiled,241,0
vision_only_tiled,242,0
vision_only_tiled,243,0
vision_only_tiled,244,0
vision_only_tiled,245,0
vision_only_tiled,246,0
vision_only_tiled,247,0
vision_only_tiled,248,0
vision_only_tiled,249,0
vision_only_tiled,250,0
vision_only_tiled,251,0
vision_only_tiled,252,0
vision_only_tiled,253,0
vision_only_tiled,254,0
vision_only_tiled,255,0
vision_only_tiled,256,0
vision_only_tiled,257,0
vision_only_tiled,258,0
vision_only_tiled,259,0
vision_only_tiled,260,0
vision_only_tiled,261,0
vision_only_tiled,262,0
vision_only_tiled,263,0
vision_only_tiled,264,0
vision_only_tiled,265,0
vision_only_tiled,266,0
vision_only_tiled,267,0
vision_only_tiled,268,0
vision_only_tiled,269,0
vision_only_tiled,270,0
vision_only_tiled,271,0
vision_only_tiled,272,0
vision_only_tiled,273,0
vision_only_tiled,274,0
vision_only_tiled,275,0
vision_only_tiled,276,0
vision_only_tiled,277,0
vision_only_tiled,278,0
vision_only_tiled,279,0
vision_only_tiled,280,0
vision_only_tiled,281,0
vision_only_tiled,282,0
vision_only_tiled,283,0
vision_only_tiled,284,0
vision_only_tiled,285,0
vision_only_tiled,286,0
vision_only_tiled,287,0
vision_only_tiled,288,0
vision_only_tiled,289,0
vision_only_tiled,290,0
vision_only_tiled,291,0
vision_only_tiled,292,0
vision_only_tiled,293,0
vision_only_tiled,294,0
vision_only_tiled,295,0
vision_only_tiled,296,0
vision_only_tiled,297,0
vision_only_tiled,298,0
vision_only_tiled,299,0
vision_only_tiled,300,0
vision_only_tiled,301,0
vision_only_tiled,302,0
vision_only_tiled,303,0
vision_only_tiled,304,0
vision_only_tiled,305,0
vision_only_tiled,306,0
vision_only_tiled,307,0
vision_only_tiled,308,0
vision_only_tiled,309,0
vision_only_tiled,310,0
vision_only_tiled,311,0
vision_only_tiled,312,0
vision_only_tiled,313,0
vision_only_tiled,314,0
vision_only_tiled,315,0
vision_only_tiled,316,0
vision_only_tiled,317,0
vision_only_tiled,318,0
vision_only_tiled,319,0
vision_only_tiled,320,0
vision_only_tiled,321,0
vision_only_tiled,322,0
vision_only_tiled,323,0
vision_only_tiled,324,0
vision_only_tiled,325,0
vision_only_tiled,326,0
vision_only_tiled,327,0
vision_only_tiled,328,0
vision_only_tiled,329,0
vision_only_tiled,330,0
vision_only_tiled,331,0
vision_only_tiled,332,0
vision_only_tiled,333,0
vision_only_tiled,334,0
vision_only_tiled,335,0
vision_only_tiled,336,0
vision_only_tiled,337,0
vision_only_tiled,338,0
vision_only_tiled,339,0
vision_only_tiled,340,0
vision_only_tiled,341,1
vision_only_tiled,342,1
vision_only_tiled,343,1
vision_only_tiled,344,1
vision_only_tiled,345,1
vision_only_tiled,346,1
vision_only_tiled,347,1
vision_only_tiled,348,1
vision_only_tiled,349,1
vision_only_tiled,350,1
vision_only_tiled,351,1
vision_only_tiled,352,1
vision_only_tiled,353,1
vision_only_tiled,354,1
vision_only_tiled,355,1
vision_only_tiled,356,1
vision_only_tiled,357,1
vision_only_tiled,358,1
vision_only_tiled,359,1
vision_only_tiled,360,1
vision_only_tiled,361,1
vision_only_tiled,362,1
vision_only_tiled,363,1
vision_only_tiled,364,1
vision_only_tiled,365,1
vision_only_tiled,366,1
vision_only_tiled,367,1
vision_only_tiled,368,1
vision_only_tiled,369,1
vision_only_tiled,370,1
vision_only_tiled,371,1
vision_only_tiled,372,1
vision_only_tiled,373,1
vision_only_tiled,374,1
vision_only_tiled,375,1
vision_only_tiled,376,1
vision_only_tiled,377,1
vision_only_tiled,378,1
vision_only_tiled,379,1
vision_only_tiled,380,1
vision_only_tiled,381,1
vision_only_tiled,382,1
vision_only_tiled,383,1
vision_only_tiled,384,1
vision_only_tiled,385,1
vision_only_tiled,386,1
vision_only_tiled,387,1
vision_only_tiled,388,1
vision_only_tiled,389,1
vision_only_tiled,390,1
vision_only_tiled,391,1
vision_only_tiled,392,1
vision_only_tiled,393,1
vision_only_tiled,394,1
vision_only_tiled,395,1
vision_only_tiled,396,1
vision_only_tiled,397,1
vision_only_tiled,398,1
vision_only_tiled,399,1
vision_only_tiled,400,1
vision_only_tiled,401,1
vision_only_tiled,402,1
vision_only_tiled,403,1
vision_only_tiled,404,1
vision_only_tiled,405,1
vision_only_tiled,406,1
vision_only_tiled,407,1
vision_only_tiled,408,1
vision_only_tiled,409,1
vision_only_tiled,410,1
vision_only_tiled,411,1
vision_only_tiled,412,1
vision_only_tiled,413,1
vision_only_tiled,414,1
vision_only_tiled,415,1
vision_only_tiled,416,2
vision_only_tiled,417,2
vision_only_tiled,418,2
