method,camera_frame,rolling_recall,rolling_f1
radar_bounded_crops,119,0.2222222222222222,0.3333333333333333
radar_bounded_crops,120,0.2777777777777778,0.3703703703703704
radar_bounded_crops,121,0.25925925925925924,0.35000000000000003
radar_bounded_crops,122,0.25,0.3333333333333333
radar_bounded_crops,123,0.24444444444444444,0.3283582089552239
radar_bounded_crops,124,0.24074074074074073,0.3209876543209876
radar_bounded_crops,125,0.23809523809523808,0.3191489361702127
radar_bounded_crops,126,0.2361111111111111,0.3177570093457944
radar_bounded_crops,127,0.24691358024691357,0.3305785123966942
radar_bounded_crops,128,0.24444444444444444,0.3283582089552239
radar_bounded_crops,129,0.24242424242424243,0.32432432432432434
radar_bounded_crops,130,0.24074074074074073,0.3209876543209876
radar_bounded_crops,131,0.23931623931623933,0.32
radar_bounded_crops,132,0.24603174603174602,0.328042328042328
radar_bounded_crops,133,0.24444444444444444,0.3267326732673267
radar_bounded_crops,134,0.24444444444444444,0.3267326732673267
radar_bounded_crops,135,0.23703703703703705,0.32
radar_bounded_crops,136,0.23703703703703705,0.32
radar_bounded_crops,137,0.23703703703703705,0.32323232323232326
radar_bounded_crops,138,0.23703703703703705,0.3248730964467005
radar_bounded_crops,139,0.23703703703703705,0.3282051282051282
radar_bounded_crops,140,0.23703703703703705,0.32989690721649484
radar_bounded_crops,141,0.23703703703703705,0.3316062176165803
radar_bounded_crops,142,0.22962962962962963,0.32460732984293195
radar_bounded_crops,143,0.22962962962962963,0.3263157894736842
radar_bounded_crops,144,0.22962962962962963,0.32978723404255317
radar_bounded_crops,145,0.22962962962962963,0.3333333333333333
radar_bounded_crops,146,0.22962962962962963,0.33695652173913043
radar_bounded_crops,147,0.2222222222222222,0.32967032967032966
radar_bounded_crops,148,0.2222222222222222,0.3333333333333333
radar_bounded_crops,149,0.2222222222222222,0.3333333333333333
radar_bounded_crops,150,0.2222222222222222,0.33707865168539325
radar_bounded_crops,151,0.2222222222222222,0.3389830508474576
radar_bounded_crops,152,0.2222222222222222,0.34090909090909094
radar_bounded_crops,153,0.2222222222222222,0.34285714285714286
radar_bounded_crops,154,0.2222222222222222,0.3448275862068966
radar_bounded_crops,155,0.2222222222222222,0.3468208092485549
radar_bounded_crops,156,0.2222222222222222,0.34883720930232553
radar_bounded_crops,157,0.2222222222222222,0.3508771929824561
radar_bounded_crops,158,0.2222222222222222,0.35294117647058826
radar_bounded_crops,159,0.2222222222222222,0.3508771929824561
radar_bounded_crops,160,0.22962962962962963,0.36046511627906974
radar_bounded_crops,161,0.23703703703703705,0.3657142857142857
radar_bounded_crops,162,0.23703703703703705,0.3657142857142857
radar_bounded_crops,163,0.24444444444444444,0.3707865168539326
radar_bounded_crops,164,0.24444444444444444,0.3687150837988826
radar_bounded_crops,165,0.2518518518518518,0.3736263736263736
radar_bounded_crops,166,0.2518518518518518,0.3715846994535519
radar_bounded_crops,167,0.2518518518518518,0.36756756756756753
radar_bounded_crops,168,0.25925925925925924,0.3723404255319149
radar_bounded_crops,169,0.26666666666666666,0.3809523809523809
radar_bounded_crops,170,0.26666666666666666,0.37894736842105264
radar_bounded_crops,171,0.26666666666666666,0.3730569948186528
radar_bounded_crops,172,0.26666666666666666,0.3730569948186528
radar_bounded_crops,173,0.26666666666666666,0.36923076923076925
radar_bounded_crops,174,0.26666666666666666,0.3730569948186528
radar_bounded_crops,175,0.25925925925925924,0.3645833333333333
radar_bounded_crops,176,0.2518518518518518,0.35978835978835977
radar_bounded_crops,177,0.2518518518518518,0.35978835978835977
radar_bounded_crops,178,0.24444444444444444,0.3529411764705882
radar_bounded_crops,179,0.24444444444444444,0.3548387096774193
radar_bounded_crops,180,0.23703703703703705,0.34782608695652173
radar_bounded_crops,181,0.24444444444444444,0.360655737704918
radar_bounded_crops,182,0.24444444444444444,0.3626373626373626
radar_bounded_crops,183,0.23703703703703705,0.35555555555555557
radar_bounded_crops,184,0.22962962962962963,0.34444444444444444
radar_bounded_crops,185,0.22962962962962963,0.3425414364640884
radar_bounded_crops,186,0.22962962962962963,0.34636871508379885
radar_bounded_crops,187,0.22962962962962963,0.34444444444444444
radar_bounded_crops,188,0.22962962962962963,0.34636871508379885
radar_bounded_crops,189,0.22962962962962963,0.34444444444444444
radar_bounded_crops,190,0.22962962962962963,0.34444444444444444
radar_bounded_crops,191,0.22962962962962963,0.3425414364640884
radar_bounded_crops,192,0.22962962962962963,0.3425414364640884
radar_bounded_crops,193,0.22962962962962963,0.34444444444444444
radar_bounded_crops,194,0.22962962962962963,0.34444444444444444
radar_bounded_crops,195,0.22962962962962963,0.34444444444444444
radar_bounded_crops,196,0.2222222222222222,0.3333333333333333
radar_bounded_crops,197,0.2222222222222222,0.3333333333333333
radar_bounded_crops,198,0.2222222222222222,0.3314917127071823
radar_bounded_crops,199,0.2222222222222222,0.3333333333333333
radar_bounded_crops,200,0.2222222222222222,0.33707865168539325
radar_bounded_crops,201,0.22962962962962963,0.34444444444444444
radar_bounded_crops,202,0.22962962962962963,0.34444444444444444
radar_bounded_crops,203,0.23703703703703705,0.35555555555555557
radar_bounded_crops,204,0.23703703703703705,0.3575418994413408
radar_bounded_crops,205,0.24444444444444444,0.36666666666666664
radar_bounded_crops,206,0.24444444444444444,0.3687150837988826
radar_bounded_crops,207,0.24444444444444444,0.3707865168539326
radar_bounded_crops,208,0.24444444444444444,0.3707865168539326
radar_bounded_crops,209,0.24444444444444444,0.3707865168539326
radar_bounded_crops,210,0.24444444444444444,0.3728813559322034
radar_bounded_crops,211,0.2462686567164179,0.375
radar_bounded_crops,212,0.24812030075187969,0.3771428571428571
radar_bounded_crops,213,0.25,0.38150289017341044
radar_bounded_crops,214,0.25190839694656486,0.3815028901734104
radar_bounded_crops,215,0.25384615384615383,0.3815028901734104
radar_bounded_crops,216,0.24806201550387597,0.3764705882352941
radar_bounded_crops,217,0.25,0.3764705882352941
radar_bounded_crops,218,0.2440944881889764,0.36686390532544383
radar_bounded_crops,219,0.24603174603174602,0.36470588235294116
radar_bounded_crops,220,0.24,0.35714285714285715
radar_bounded_crops,221,0.24193548387096775,0.35714285714285715
radar_bounded_crops,222,0.24390243902439024,0.35714285714285715
radar_bounded_crops,223,0.2459016393442623,0.3592814371257485
radar_bounded_crops,224,0.24793388429752067,0.3614457831325302
radar_bounded_crops,225,0.25,0.3614457831325301
radar_bounded_crops,226,0.25,0.3614457831325301
radar_bounded_crops,227,0.25,0.36363636363636365
radar_bounded_crops,228,0.25,0.36363636363636365
radar_bounded_crops,229,0.25,0.36363636363636365
radar_bounded_crops,230,0.25,0.36585365853658536
radar_bounded_crops,231,0.25,0.36585365853658536
radar_bounded_crops,232,0.25,0.36809815950920244
radar_bounded_crops,233,0.25,0.36809815950920244
radar_bounded_crops,234,0.25,0.37037037037037035
radar_bounded_crops,235,0.25,0.37037037037037035
radar_bounded_crops,236,0.25,0.37037037037037035
radar_bounded_crops,237,0.25,0.37037037037037035
radar_bounded_crops,238,0.25,0.36809815950920244
radar_bounded_crops,239,0.25,0.36809815950920244
radar_bounded_crops,240,0.25,0.36585365853658536
radar_bounded_crops,241,0.25,0.36585365853658536
radar_bounded_crops,242,0.25,0.36585365853658536
radar_bounded_crops,243,0.25,0.36585365853658536
radar_bounded_crops,244,0.25,0.36809815950920244
radar_bounded_crops,245,0.25,0.36809815950920244
radar_bounded_crops,246,0.25,0.36809815950920244
radar_bounded_crops,247,0.25,0.36809815950920244
radar_bounded_crops,248,0.25,0.36809815950920244
radar_bounded_crops,249,0.25,0.36809815950920244
radar_bounded_crops,250,0.25,0.37037037037037035
radar_bounded_crops,251,0.25,0.37267080745341613
radar_bounded_crops,252,0.25,0.375
radar_bounded_crops,253,0.25,0.375
radar_bounded_crops,254,0.25,0.37267080745341613
radar_bounded_crops,255,0.25,0.375
radar_bounded_crops,256,0.25,0.375
radar_bounded_crops,257,0.25,0.37267080745341613
radar_bounded_crops,258,0.25,0.37037037037037035
radar_bounded_crops,259,0.25,0.36809815950920244
radar_bounded_crops,260,0.25,0.36809815950920244
radar_bounded_crops,261,0.25,0.37037037037037035
radar_bounded_crops,262,0.25,0.37267080745341613
radar_bounded_crops,263,0.25,0.37267080745341613
radar_bounded_crops,264,0.25,0.37267080745341613
radar_bounded_crops,265,0.25,0.37037037037037035
radar_bounded_crops,266,0.25,0.36809815950920244
radar_bounded_crops,267,0.25,0.36809815950920244
radar_bounded_crops,268,0.25,0.36809815950920244
radar_bounded_crops,269,0.25,0.36809815950920244
radar_bounded_crops,270,0.25,0.36809815950920244
radar_bounded_crops,271,0.25,0.36809815950920244
radar_bounded_crops,272,0.25,0.37037037037037035
radar_bounded_crops,273,0.25,0.37267080745341613
radar_bounded_crops,274,0.25,0.37267080745341613
radar_bounded_crops,275,0.25,0.36809815950920244
radar_bounded_crops,276,0.25,0.36363636363636365
radar_bounded_crops,277,0.25,0.3592814371257485
radar_bounded_crops,278,0.25,0.35714285714285715
radar_bounded_crops,279,0.25,0.35502958579881655
radar_bounded_crops,280,0.25,0.35502958579881655
radar_bounded_crops,281,0.25,0.35502958579881655
radar_bounded_crops,282,0.25,0.3508771929824561
radar_bounded_crops,283,0.25,0.3488372093023256
radar_bounded_crops,284,0.25,0.3488372093023256
radar_bounded_crops,285,0.25,0.3468208092485549
radar_bounded_crops,286,0.25,0.3468208092485549
radar_bounded_crops,287,0.25,0.34285714285714286
radar_bounded_crops,288,0.25,0.3409090909090909
radar_bounded_crops,289,0.25,0.3389830508474576
radar_bounded_crops,290,0.25,0.3409090909090909
radar_bounded_crops,291,0.25,0.3409090909090909
radar_bounded_crops,292,0.25,0.3409090909090909
radar_bounded_crops,293,0.25,0.3409090909090909
radar_bounded_crops,294,0.25,0.34285714285714286
radar_bounded_crops,295,0.25,0.34285714285714286
radar_bounded_crops,296,0.25,0.34285714285714286
radar_bounded_crops,297,0.25,0.34285714285714286
radar_bounded_crops,298,0.25,0.3448275862068966
radar_bounded_crops,299,0.25,0.3488372093023256
radar_bounded_crops,300,0.25,0.35294117647058826
radar_bounded_crops,301,0.25,0.35502958579881655
radar_bounded_crops,302,0.25,0.35714285714285715
radar_bounded_crops,303,0.25,0.3614457831325301
radar_bounded_crops,304,0.25,0.36585365853658536
radar_bounded_crops,305,0.25,0.36363636363636365
radar_bounded_crops,306,0.25,0.36363636363636365
radar_bounded_crops,307,0.25,0.36585365853658536
radar_bounded_crops,308,0.25,0.36809815950920244
radar_bounded_crops,309,0.25,0.37037037037037035
radar_bounded_crops,310,0.25,0.36809815950920244
radar_bounded_crops,311,0.25,0.36809815950920244
radar_bounded_crops,312,0.25,0.36585365853658536
radar_bounded_crops,313,0.25,0.36363636363636365
radar_bounded_crops,314,0.25,0.36363636363636365
radar_bounded_crops,315,0.25,0.3614457831325301
radar_bounded_crops,316,0.25,0.3592814371257485
radar_bounded_crops,317,0.25,0.3614457831325301
radar_bounded_crops,318,0.25,0.3592814371257485
radar_bounded_crops,319,0.25,0.3592814371257485
radar_bounded_crops,320,0.25,0.3614457831325301
radar_bounded_crops,321,0.25,0.36363636363636365
radar_bounded_crops,322,0.25,0.36363636363636365
radar_bounded_crops,323,0.25,0.36363636363636365
radar_bounded_crops,324,0.25,0.3614457831325301
radar_bounded_crops,325,0.25,0.36363636363636365
radar_bounded_crops,326,0.25,0.36585365853658536
radar_bounded_crops,327,0.25,0.37267080745341613
radar_bounded_crops,328,0.25,0.375
radar_bounded_crops,329,0.25,0.37267080745341613
radar_bounded_crops,330,0.25,0.37267080745341613
radar_bounded_crops,331,0.25,0.37267080745341613
radar_bounded_crops,332,0.25,0.36809815950920244
radar_bounded_crops,333,0.25,0.36809815950920244
radar_bounded_crops,334,0.25,0.36585365853658536
radar_bounded_crops,335,0.25,0.36585365853658536
radar_bounded_crops,336,0.25,0.36363636363636365
radar_bounded_crops,337,0.25,0.36363636363636365
radar_bounded_crops,338,0.25,0.36363636363636365
radar_bounded_crops,339,0.25,0.36363636363636365
radar_bounded_crops,340,0.25,0.36363636363636365
radar_bounded_crops,341,0.25,0.3592814371257485
radar_bounded_crops,342,0.25,0.35502958579881655
radar_bounded_crops,343,0.25,0.35294117647058826
radar_bounded_crops,344,0.25,0.35294117647058826
radar_bounded_crops,345,0.25,0.35294117647058826
radar_bounded_crops,346,0.25,0.35294117647058826
radar_bounded_crops,347,0.25,0.35502958579881655
radar_bounded_crops,348,0.25,0.35502958579881655
radar_bounded_crops,349,0.25,0.35714285714285715
radar_bounded_crops,350,0.25,0.35714285714285715
radar_bounded_crops,351,0.25,0.3614457831325301
radar_bounded_crops,352,0.25,0.36363636363636365
radar_bounded_crops,353,0.25,0.36363636363636365
radar_bounded_crops,354,0.25,0.36363636363636365
radar_bounded_crops,355,0.25,0.36363636363636365
radar_bounded_crops,356,0.25,0.36809815950920244
radar_bounded_crops,357,0.25,0.37267080745341613
radar_bounded_crops,358,0.25,0.37735849056603776
radar_bounded_crops,359,0.25,0.37735849056603776
radar_bounded_crops,360,0.25,0.37735849056603776
radar_bounded_crops,361,0.25,0.379746835443038
radar_bounded_crops,362,0.25,0.379746835443038
radar_bounded_crops,363,0.25,0.379746835443038
radar_bounded_crops,364,0.25,0.37735849056603776
radar_bounded_crops,365,0.25,0.37735849056603776
radar_bounded_crops,366,0.25,0.375
radar_bounded_crops,367,0.25,0.37267080745341613
radar_bounded_crops,368,0.25,0.37267080745341613
radar_bounded_crops,369,0.25,0.37267080745341613
radar_bounded_crops,370,0.25,0.37037037037037035
radar_bounded_crops,371,0.25,0.37037037037037035
radar_bounded_crops,372,0.25,0.36809815950920244
radar_bounded_crops,373,0.25,0.36363636363636365
radar_bounded_crops,374,0.25,0.36363636363636365
radar_bounded_crops,375,0.25,0.3614457831325301
radar_bounded_crops,376,0.25,0.35714285714285715
radar_bounded_crops,377,0.25,0.35502958579881655
radar_bounded_crops,378,0.25,0.35294117647058826
radar_bounded_crops,379,0.25,0.35502958579881655
radar_bounded_crops,380,0.25,0.35714285714285715
radar_bounded_crops,381,0.25,0.3592814371257485
radar_bounded_crops,382,0.25,0.3614457831325301
radar_bounded_crops,383,0.25,0.3614457831325301
radar_bounded_crops,384,0.25,0.36363636363636365
radar_bounded_crops,385,0.25,0.36585365853658536
radar_bounded_crops,386,0.25,0.36363636363636365
radar_bounded_crops,387,0.25,0.36585365853658536
radar_bounded_crops,388,0.25,0.37037037037037035
radar_bounded_crops,389,0.25,0.37267080745341613
radar_bounded_crops,390,0.25,0.37735849056603776
radar_bounded_crops,391,0.25,0.379746835443038
radar_bounded_crops,392,0.25,0.379746835443038
radar_bounded_crops,393,0.25,0.379746835443038
radar_bounded_crops,394,0.25,0.379746835443038
radar_bounded_crops,395,0.25,0.379746835443038
radar_bounded_crops,396,0.25,0.379746835443038
radar_bounded_crops,397,0.25,0.379746835443038
radar_bounded_crops,398,0.25,0.379746835443038
radar_bounded_crops,399,0.25,0.37267080745341613
radar_bounded_crops,400,0.25,0.36809815950920244
radar_bounded_crops,401,0.25,0.3614457831325301
radar_bounded_crops,402,0.25,0.35502958579881655
radar_bounded_crops,403,0.25,0.35294117647058826
radar_bounded_crops,404,0.25,0.3488372093023256
radar_bounded_crops,405,0.25,0.34285714285714286
radar_bounded_crops,406,0.25,0.33707865168539325
radar_bounded_crops,407,0.25,0.3333333333333333
radar_bounded_crops,408,0.25,0.32967032967032966
radar_bounded_crops,409,0.25,0.32786885245901637
radar_bounded_crops,410,0.25,0.32608695652173914
radar_bounded_crops,411,0.25,0.32432432432432434
radar_bounded_crops,412,0.25,0.3225806451612903
radar_bounded_crops,413,0.25,0.32085561497326204
radar_bounded_crops,414,0.25,0.32432432432432434
radar_bounded_crops,415,0.25,0.32786885245901637
radar_bounded_crops,416,0.25,0.3333333333333333
radar_bounded_crops,417,0.25,0.33519553072625696
radar_bounded_crops,418,0.25,0.33519553072625696
radar_confidence_gated,119,0.2222222222222222,0.3636363636363636
radar_confidence_gated,120,0.2222222222222222,0.3636363636363636
radar_confidence_gated,121,0.2222222222222222,0.3636363636363636
radar_confidence_gated,122,0.2222222222222222,0.3636363636363636
radar_confidence_gated,123,0.2222222222222222,0.3636363636363636
radar_confidence_gated,124,0.2222222222222222,0.3636363636363636
radar_confidence_gated,125,0.2222222222222222,0.3636363636363636
radar_confidence_gated,126,0.2222222222222222,0.3636363636363636
radar_confidence_gated,127,0.2222222222222222,0.3636363636363636
radar_confidence_gated,128,0.2222222222222222,0.3636363636363636
radar_confidence_gated,129,0.2222222222222222,0.3636363636363636
radar_confidence_gated,130,0.2222222222222222,0.3636363636363636
radar_confidence_gated,131,0.2222222222222222,0.3636363636363636
radar_confidence_gated,132,0.2222222222222222,0.3636363636363636
radar_confidence_gated,133,0.2222222222222222,0.3636363636363636
radar_confidence_gated,134,0.2222222222222222,0.3636363636363636
radar_confidence_gated,135,0.2222222222222222,0.3636363636363636
radar_confidence_gated,136,0.2222222222222222,0.3636363636363636
radar_confidence_gated,137,0.2222222222222222,0.3636363636363636
radar_confidence_gated,138,0.2222222222222222,0.3636363636363636
radar_confidence_gated,139,0.2222222222222222,0.3636363636363636
radar_confidence_gated,140,0.2222222222222222,0.3636363636363636
radar_confidence_gated,141,0.2222222222222222,0.3636363636363636
radar_confidence_gated,142,0.2222222222222222,0.3636363636363636
radar_confidence_gated,143,0.2222222222222222,0.3636363636363636
radar_confidence_gated,144,0.2222222222222222,0.3636363636363636
radar_confidence_gated,145,0.2222222222222222,0.3636363636363636
radar_confidence_gated,146,0.2222222222222222,0.3636363636363636
radar_confidence_gated,147,0.2222222222222222,0.3636363636363636
radar_confidence_gated,148,0.2222222222222222,0.3636363636363636
radar_confidence_gated,149,0.2222222222222222,0.3636363636363636
radar_confidence_gated,150,0.2222222222222222,0.3636363636363636
radar_confidence_gated,151,0.2222222222222222,0.3636363636363636
radar_confidence_gated,152,0.2222222222222222,0.3636363636363636
radar_confidence_gated,153,0.2222222222222222,0.3636363636363636
radar_confidence_gated,154,0.2222222222222222,0.3636363636363636
radar_confidence_gated,155,0.2222222222222222,0.3636363636363636
radar_confidence_gated,156,0.2222222222222222,0.3636363636363636
radar_confidence_gated,157,0.2222222222222222,0.3636363636363636
radar_confidence_gated,158,0.2222222222222222,0.3636363636363636
radar_confidence_gated,159,0.2222222222222222,0.3636363636363636
radar_confidence_gated,160,0.2222222222222222,0.3636363636363636
radar_confidence_gated,161,0.2222222222222222,0.3636363636363636
radar_confidence_gated,162,0.2222222222222222,0.3636363636363636
radar_confidence_gated,163,0.2222222222222222,0.3636363636363636
radar_confidence_gated,164,0.2222222222222222,0.3636363636363636
radar_confidence_gated,165,0.2222222222222222,0.3636363636363636
radar_confidence_gated,166,0.2222222222222222,0.3636363636363636
radar_confidence_gated,167,0.2222222222222222,0.3636363636363636
radar_confidence_gated,168,0.2222222222222222,0.3636363636363636
radar_confidence_gated,169,0.2222222222222222,0.3636363636363636
radar_confidence_gated,170,0.2222222222222222,0.3636363636363636
radar_confidence_gated,171,0.2222222222222222,0.3636363636363636
radar_confidence_gated,172,0.21481481481481482,0.3536585365853659
radar_confidence_gated,173,0.21481481481481482,0.3536585365853659
radar_confidence_gated,174,0.21481481481481482,0.3536585365853659
radar_confidence_gated,175,0.21481481481481482,0.3536585365853659
radar_confidence_gated,176,0.21481481481481482,0.3536585365853659
radar_confidence_gated,177,0.21481481481481482,0.3536585365853659
radar_confidence_gated,178,0.21481481481481482,0.3536585365853659
radar_confidence_gated,179,0.21481481481481482,0.3536585365853659
radar_confidence_gated,180,0.21481481481481482,0.3536585365853659
radar_confidence_gated,181,0.21481481481481482,0.3536585365853659
radar_confidence_gated,182,0.21481481481481482,0.3536585365853659
radar_confidence_gated,183,0.2074074074074074,0.3435582822085889
radar_confidence_gated,184,0.2074074074074074,0.3435582822085889
radar_confidence_gated,185,0.2074074074074074,0.3435582822085889
radar_confidence_gated,186,0.2074074074074074,0.3435582822085889
radar_confidence_gated,187,0.21481481481481482,0.3536585365853659
radar_confidence_gated,188,0.21481481481481482,0.3536585365853659
radar_confidence_gated,189,0.21481481481481482,0.3536585365853659
radar_confidence_gated,190,0.21481481481481482,0.3536585365853659
radar_confidence_gated,191,0.2074074074074074,0.3435582822085889
radar_confidence_gated,192,0.2074074074074074,0.3435582822085889
radar_confidence_gated,193,0.2074074074074074,0.3435582822085889
radar_confidence_gated,194,0.2074074074074074,0.3435582822085889
radar_confidence_gated,195,0.2,0.33333333333333337
radar_confidence_gated,196,0.2,0.33333333333333337
radar_confidence_gated,197,0.2,0.33333333333333337
radar_confidence_gated,198,0.2,0.33333333333333337
radar_confidence_gated,199,0.1925925925925926,0.32298136645962733
radar_confidence_gated,200,0.1925925925925926,0.32298136645962733
radar_confidence_gated,201,0.1925925925925926,0.32298136645962733
radar_confidence_gated,202,0.1925925925925926,0.32298136645962733
radar_confidence_gated,203,0.1925925925925926,0.32298136645962733
radar_confidence_gated,204,0.1925925925925926,0.32298136645962733
radar_confidence_gated,205,0.1925925925925926,0.32298136645962733
radar_confidence_gated,206,0.2,0.33333333333333337
radar_confidence_gated,207,0.2,0.33333333333333337
radar_confidence_gated,208,0.2,0.33333333333333337
radar_confidence_gated,209,0.2,0.33333333333333337
radar_confidence_gated,210,0.2074074074074074,0.3435582822085889
radar_confidence_gated,211,0.208955223880597,0.345679012345679
radar_confidence_gated,212,0.21052631578947367,0.34782608695652173
radar_confidence_gated,213,0.2196969696969697,0.36024844720496896
radar_confidence_gated,214,0.22900763358778625,0.37267080745341613
radar_confidence_gated,215,0.2230769230769231,0.36477987421383645
radar_confidence_gated,216,0.21705426356589147,0.356687898089172
radar_confidence_gated,217,0.21875,0.358974358974359
radar_confidence_gated,218,0.2125984251968504,0.35064935064935066
radar_confidence_gated,219,0.21428571428571427,0.35294117647058826
radar_confidence_gated,220,0.208,0.3443708609271523
radar_confidence_gated,221,0.20967741935483872,0.3466666666666667
radar_confidence_gated,222,0.21138211382113822,0.348993288590604
radar_confidence_gated,223,0.21311475409836064,0.3513513513513513
radar_confidence_gated,224,0.21487603305785125,0.35374149659863946
radar_confidence_gated,225,0.21666666666666667,0.3561643835616438
radar_confidence_gated,226,0.21666666666666667,0.3561643835616438
radar_confidence_gated,227,0.21666666666666667,0.3561643835616438
radar_confidence_gated,228,0.21666666666666667,0.3561643835616438
radar_confidence_gated,229,0.21666666666666667,0.3561643835616438
radar_confidence_gated,230,0.225,0.36734693877551017
radar_confidence_gated,231,0.23333333333333334,0.37837837837837834
radar_confidence_gated,232,0.23333333333333334,0.37837837837837834
radar_confidence_gated,233,0.24166666666666667,0.38926174496644295
radar_confidence_gated,234,0.23333333333333334,0.37837837837837834
radar_confidence_gated,235,0.24166666666666667,0.38926174496644295
radar_confidence_gated,236,0.24166666666666667,0.38926174496644295
radar_confidence_gated,237,0.23333333333333334,0.37837837837837834
radar_confidence_gated,238,0.23333333333333334,0.37837837837837834
radar_confidence_gated,239,0.225,0.36734693877551017
radar_confidence_gated,240,0.225,0.36734693877551017
radar_confidence_gated,241,0.225,0.36734693877551017
radar_confidence_gated,242,0.225,0.36734693877551017
radar_confidence_gated,243,0.225,0.36734693877551017
radar_confidence_gated,244,0.225,0.36734693877551017
radar_confidence_gated,245,0.225,0.36734693877551017
radar_confidence_gated,246,0.225,0.36734693877551017
radar_confidence_gated,247,0.225,0.36734693877551017
radar_confidence_gated,248,0.225,0.36734693877551017
radar_confidence_gated,249,0.23333333333333334,0.3758389261744967
radar_confidence_gated,250,0.23333333333333334,0.3758389261744967
radar_confidence_gated,251,0.23333333333333334,0.3758389261744967
radar_confidence_gated,252,0.24166666666666667,0.38666666666666666
radar_confidence_gated,253,0.24166666666666667,0.38666666666666666
radar_confidence_gated,254,0.25,0.3973509933774834
radar_confidence_gated,255,0.25,0.3973509933774834
radar_confidence_gated,256,0.25,0.3973509933774834
radar_confidence_gated,257,0.25,0.3973509933774834
radar_confidence_gated,258,0.25,0.3973509933774834
radar_confidence_gated,259,0.25,0.3973509933774834
radar_confidence_gated,260,0.25,0.3973509933774834
radar_confidence_gated,261,0.25,0.3973509933774834
radar_confidence_gated,262,0.25,0.3973509933774834
radar_confidence_gated,263,0.25,0.3973509933774834
radar_confidence_gated,264,0.25,0.4
radar_confidence_gated,265,0.25,0.4
radar_confidence_gated,266,0.25,0.4
radar_confidence_gated,267,0.25,0.4
radar_confidence_gated,268,0.25,0.4
radar_confidence_gated,269,0.24166666666666667,0.38926174496644295
radar_confidence_gated,270,0.24166666666666667,0.38926174496644295
radar_confidence_gated,271,0.24166666666666667,0.38926174496644295
radar_confidence_gated,272,0.24166666666666667,0.38926174496644295
radar_confidence_gated,273,0.24166666666666667,0.38926174496644295
radar_confidence_gated,274,0.24166666666666667,0.38926174496644295
radar_confidence_gated,275,0.24166666666666667,0.38926174496644295
radar_confidence_gated,276,0.24166666666666667,0.38926174496644295
radar_confidence_gated,277,0.24166666666666667,0.38926174496644295
radar_confidence_gated,278,0.24166666666666667,0.38926174496644295
radar_confidence_gated,279,0.24166666666666667,0.38926174496644295
radar_confidence_gated,280,0.24166666666666667,0.38926174496644295
radar_confidence_gated,281,0.24166666666666667,0.38926174496644295
radar_confidence_gated,282,0.24166666666666667,0.38926174496644295
radar_confidence_gated,283,0.24166666666666667,0.38926174496644295
radar_confidence_gated,284,0.25,0.4
radar_confidence_gated,285,0.25,0.4
radar_confidence_gated,286,0.25,0.4
radar_confidence_gated,287,0.25,0.4
radar_confidence_gated,288,0.25,0.4
radar_confidence_gated,289,0.25,0.4
radar_confidence_gated,290,0.25,0.4
radar_confidence_gated,291,0.25,0.4
radar_confidence_gated,292,0.25,0.4
radar_confidence_gated,293,0.25,0.4
radar_confidence_gated,294,0.25,0.4
radar_confidence_gated,295,0.25,0.4
radar_confidence_gated,296,0.25,0.4
radar_confidence_gated,297,0.25,0.4
radar_confidence_gated,298,0.25,0.4
radar_confidence_gated,299,0.25,0.4
radar_confidence_gated,300,0.25,0.4
radar_confidence_gated,301,0.25,0.4
radar_confidence_gated,302,0.25,0.4
radar_confidence_gated,303,0.25,0.4
radar_confidence_gated,304,0.25,0.4
radar_confidence_gated,305,0.25,0.4
radar_confidence_gated,306,0.25,0.4
radar_confidence_gated,307,0.25,0.4
radar_confidence_gated,308,0.25,0.4
radar_confidence_gated,309,0.25,0.4
radar_confidence_gated,310,0.25,0.4
radar_confidence_gated,311,0.25,0.4
radar_confidence_gated,312,0.25,0.4
radar_confidence_gated,313,0.25,0.4
radar_confidence_gated,314,0.25,0.4
radar_confidence_gated,315,0.25,0.4
radar_confidence_gated,316,0.25,0.4
radar_confidence_gated,317,0.25,0.4
radar_confidence_gated,318,0.25,0.4
radar_confidence_gated,319,0.24166666666666667,0.38926174496644295
radar_confidence_gated,320,0.24166666666666667,0.38926174496644295
radar_confidence_gated,321,0.23333333333333334,0.37837837837837834
radar_confidence_gated,322,0.23333333333333334,0.37837837837837834
radar_confidence_gated,323,0.23333333333333334,0.37837837837837834
radar_confidence_gated,324,0.23333333333333334,0.37837837837837834
radar_confidence_gated,325,0.23333333333333334,0.37837837837837834
radar_confidence_gated,326,0.23333333333333334,0.37837837837837834
radar_confidence_gated,327,0.23333333333333334,0.37837837837837834
radar_confidence_gated,328,0.23333333333333334,0.37837837837837834
radar_confidence_gated,329,0.23333333333333334,0.37837837837837834
radar_confidence_gated,330,0.23333333333333334,0.37837837837837834
radar_confidence_gated,331,0.23333333333333334,0.37837837837837834
radar_confidence_gated,332,0.23333333333333334,0.37837837837837834
radar_confidence_gated,333,0.23333333333333334,0.37837837837837834
radar_confidence_gated,334,0.24166666666666667,0.38926174496644295
radar_confidence_gated,335,0.24166666666666667,0.38926174496644295
radar_confidence_gated,336,0.25,0.4
radar_confidence_gated,337,0.25,0.4
radar_confidence_gated,338,0.25,0.4
radar_confidence_gated,339,0.25,0.4
radar_confidence_gated,340,0.25,0.4
radar_confidence_gated,341,0.25,0.3973509933774834
radar_confidence_gated,342,0.25,0.3973509933774834
radar_confidence_gated,343,0.25,0.3973509933774834
radar_confidence_gated,344,0.25,0.3973509933774834
radar_confidence_gated,345,0.25,0.3973509933774834
radar_confidence_gated,346,0.25,0.3973509933774834
radar_confidence_gated,347,0.25,0.3973509933774834
radar_confidence_gated,348,0.25,0.3973509933774834
radar_confidence_gated,349,0.25,0.3973509933774834
radar_confidence_gated,350,0.25,0.3973509933774834
radar_confidence_gated,351,0.25,0.3973509933774834
radar_confidence_gated,352,0.25,0.3973509933774834
radar_confidence_gated,353,0.25,0.3973509933774834
radar_confidence_gated,354,0.25,0.3973509933774834
radar_confidence_gated,355,0.25,0.3973509933774834
radar_confidence_gated,356,0.25,0.4
radar_confidence_gated,357,0.25,0.4
radar_confidence_gated,358,0.25,0.4
radar_confidence_gated,359,0.25,0.4
radar_confidence_gated,360,0.25,0.4
radar_confidence_gated,361,0.25,0.3973509933774834
radar_confidence_gated,362,0.25,0.3973509933774834
radar_confidence_gated,363,0.25,0.3973509933774834
radar_confidence_gated,364,0.25,0.3973509933774834
radar_confidence_gated,365,0.25,0.3973509933774834
radar_confidence_gated,366,0.25,0.3973509933774834
radar_confidence_gated,367,0.25,0.3973509933774834
radar_confidence_gated,368,0.25,0.3973509933774834
radar_confidence_gated,369,0.25,0.3973509933774834
radar_confidence_gated,370,0.25,0.3973509933774834
radar_confidence_gated,371,0.25,0.3973509933774834
radar_confidence_gated,372,0.25,0.3973509933774834
radar_confidence_gated,373,0.25,0.3973509933774834
radar_confidence_gated,374,0.25,0.3973509933774834
radar_confidence_gated,375,0.25,0.3973509933774834
radar_confidence_gated,376,0.25,0.4
radar_confidence_gated,377,0.25,0.4
radar_confidence_gated,378,0.25,0.4
radar_confidence_gated,379,0.25,0.4
radar_confidence_gated,380,0.25,0.4
radar_confidence_gated,381,0.25,0.4
radar_confidence_gated,382,0.25,0.4
radar_confidence_gated,383,0.25,0.4
radar_confidence_gated,384,0.25,0.4
radar_confidence_gated,385,0.25,0.4
radar_confidence_gated,386,0.25,0.4
radar_confidence_gated,387,0.25,0.4
radar_confidence_gated,388,0.25,0.4
radar_confidence_gated,389,0.25,0.4
radar_confidence_gated,390,0.24166666666666667,0.38926174496644295
radar_confidence_gated,391,0.23333333333333334,0.37837837837837834
radar_confidence_gated,392,0.225,0.36734693877551017
radar_confidence_gated,393,0.225,0.36734693877551017
radar_confidence_gated,394,0.225,0.36486486486486486
radar_confidence_gated,395,0.225,0.36241610738255037
radar_confidence_gated,396,0.225,0.36241610738255037
radar_confidence_gated,397,0.21666666666666667,0.35135135135135137
radar_confidence_gated,398,0.20833333333333334,0.3401360544217687
radar_confidence_gated,399,0.20833333333333334,0.3401360544217687
radar_confidence_gated,400,0.2,0.32876712328767127
radar_confidence_gated,401,0.2,0.32876712328767127
radar_confidence_gated,402,0.2,0.32876712328767127
radar_confidence_gated,403,0.2,0.32876712328767127
radar_confidence_gated,404,0.2,0.32876712328767127
radar_confidence_gated,405,0.20833333333333334,0.3401360544217687
radar_confidence_gated,406,0.21666666666666667,0.35135135135135137
radar_confidence_gated,407,0.225,0.36241610738255037
radar_confidence_gated,408,0.225,0.36241610738255037
radar_confidence_gated,409,0.225,0.36486486486486486
radar_confidence_gated,410,0.225,0.36734693877551017
radar_confidence_gated,411,0.225,0.36734693877551017
radar_confidence_gated,412,0.23333333333333334,0.3758389261744967
radar_confidence_gated,413,0.24166666666666667,0.38666666666666666
radar_confidence_gated,414,0.23333333333333334,0.37333333333333335
radar_confidence_gated,415,0.24166666666666667,0.3841059602649007
radar_confidence_gated,416,0.24166666666666667,0.3815789473684211
radar_confidence_gated,417,0.24166666666666667,0.3815789473684211
radar_confidence_gated,418,0.24166666666666667,0.3815789473684211
vision_only_tiled,119,0.2222222222222222,0.3636363636363636
vision_only_tiled,120,0.2222222222222222,0.3636363636363636
vision_only_tiled,121,0.2222222222222222,0.3636363636363636
vision_only_tiled,122,0.2222222222222222,0.3636363636363636
vision_only_tiled,123,0.2222222222222222,0.3636363636363636
vision_only_tiled,124,0.2222222222222222,0.3636363636363636
vision_only_tiled,125,0.2222222222222222,0.3636363636363636
vision_only_tiled,126,0.2222222222222222,0.3636363636363636
vision_only_tiled,127,0.2222222222222222,0.3636363636363636
vision_only_tiled,128,0.2222222222222222,0.3636363636363636
vision_only_tiled,129,0.2222222222222222,0.3636363636363636
vision_only_tiled,130,0.2222222222222222,0.3636363636363636
vision_only_tiled,131,0.2222222222222222,0.3636363636363636
vision_only_tiled,132,0.2222222222222222,0.3636363636363636
vision_only_tiled,133,0.2222222222222222,0.3636363636363636
vision_only_tiled,134,0.2222222222222222,0.3636363636363636
vision_only_tiled,135,0.2222222222222222,0.3636363636363636
vision_only_tiled,136,0.2222222222222222,0.3636363636363636
vision_only_tiled,137,0.2222222222222222,0.3636363636363636
vision_only_tiled,138,0.21481481481481482,0.3536585365853659
vision_only_tiled,139,0.21481481481481482,0.3536585365853659
vision_only_tiled,140,0.21481481481481482,0.3536585365853659
vision_only_tiled,141,0.21481481481481482,0.3536585365853659
vision_only_tiled,142,0.21481481481481482,0.3536585365853659
vision_only_tiled,143,0.21481481481481482,0.3536585365853659
vision_only_tiled,144,0.21481481481481482,0.3536585365853659
vision_only_tiled,145,0.21481481481481482,0.3536585365853659
vision_only_tiled,146,0.21481481481481482,0.3536585365853659
vision_only_tiled,147,0.21481481481481482,0.3536585365853659
vision_only_tiled,148,0.21481481481481482,0.3536585365853659
vision_only_tiled,149,0.21481481481481482,0.3536585365853659
vision_only_tiled,150,0.21481481481481482,0.3536585365853659
vision_only_tiled,151,0.21481481481481482,0.3536585365853659
vision_only_tiled,152,0.21481481481481482,0.3536585365853659
vision_only_tiled,153,0.2222222222222222,0.3636363636363636
vision_only_tiled,154,0.2222222222222222,0.3636363636363636
vision_only_tiled,155,0.2222222222222222,0.3636363636363636
vision_only_tiled,156,0.2222222222222222,0.3636363636363636
vision_only_tiled,157,0.2222222222222222,0.3636363636363636
vision_only_tiled,158,0.2222222222222222,0.3636363636363636
vision_only_tiled,159,0.2222222222222222,0.3636363636363636
vision_only_tiled,160,0.2222222222222222,0.3636363636363636
vision_only_tiled,161,0.2222222222222222,0.3636363636363636
vision_only_tiled,162,0.2222222222222222,0.3636363636363636
vision_only_tiled,163,0.2222222222222222,0.3636363636363636
vision_only_tiled,164,0.2222222222222222,0.3636363636363636
vision_only_tiled,165,0.2222222222222222,0.3636363636363636
vision_only_tiled,166,0.2222222222222222,0.3636363636363636
vision_only_tiled,167,0.2222222222222222,0.3636363636363636
vision_only_tiled,168,0.2222222222222222,0.3636363636363636
vision_only_tiled,169,0.2222222222222222,0.3636363636363636
vision_only_tiled,170,0.2222222222222222,0.3636363636363636
vision_only_tiled,171,0.2222222222222222,0.3636363636363636
vision_only_tiled,172,0.21481481481481482,0.3536585365853659
vision_only_tiled,173,0.2074074074074074,0.3435582822085889
vision_only_tiled,174,0.2,0.33333333333333337
vision_only_tiled,175,0.2,0.33333333333333337
vision_only_tiled,176,0.2,0.33333333333333337
vision_only_tiled,177,0.1925925925925926,0.32298136645962733
vision_only_tiled,178,0.1925925925925926,0.32298136645962733
vision_only_tiled,179,0.18518518518518517,0.3125
vision_only_tiled,180,0.18518518518518517,0.3125
vision_only_tiled,181,0.18518518518518517,0.3125
vision_only_tiled,182,0.18518518518518517,0.3125
vision_only_tiled,183,0.17777777777777778,0.3018867924528302
vision_only_tiled,184,0.17777777777777778,0.3018867924528302
vision_only_tiled,185,0.17777777777777778,0.3018867924528302
vision_only_tiled,186,0.17037037037037037,0.2911392405063291
vision_only_tiled,187,0.17777777777777778,0.3018867924528302
vision_only_tiled,188,0.18518518518518517,0.3125
vision_only_tiled,189,0.1925925925925926,0.32298136645962733
vision_only_tiled,190,0.1925925925925926,0.32298136645962733
vision_only_tiled,191,0.18518518518518517,0.3125
vision_only_tiled,192,0.1925925925925926,0.32298136645962733
vision_only_tiled,193,0.18518518518518517,0.3125
vision_only_tiled,194,0.18518518518518517,0.3125
vision_only_tiled,195,0.17777777777777778,0.3018867924528302
vision_only_tiled,196,0.17037037037037037,0.2911392405063291
vision_only_tiled,197,0.16296296296296298,0.2802547770700637
vision_only_tiled,198,0.16296296296296298,0.2802547770700637
vision_only_tiled,199,0.15555555555555556,0.2692307692307693
vision_only_tiled,200,0.15555555555555556,0.2692307692307693
vision_only_tiled,201,0.16296296296296298,0.2802547770700637
vision_only_tiled,202,0.15555555555555556,0.2692307692307693
vision_only_tiled,203,0.14814814814814814,0.25806451612903225
vision_only_tiled,204,0.14814814814814814,0.25806451612903225
vision_only_tiled,205,0.14814814814814814,0.25806451612903225
vision_only_tiled,206,0.15555555555555556,0.2692307692307693
vision_only_tiled,207,0.15555555555555556,0.2692307692307693
vision_only_tiled,208,0.16296296296296298,0.2802547770700637
vision_only_tiled,209,0.16296296296296298,0.2802547770700637
vision_only_tiled,210,0.17037037037037037,0.2911392405063291
vision_only_tiled,211,0.1791044776119403,0.30379746835443033
vision_only_tiled,212,0.18796992481203006,0.3164556962025316
vision_only_tiled,213,0.1893939393939394,0.3184713375796178
vision_only_tiled,214,0.1984732824427481,0.33121019108280253
vision_only_tiled,215,0.19230769230769232,0.32258064516129037
vision_only_tiled,216,0.18604651162790697,0.3137254901960785
vision_only_tiled,217,0.1875,0.3157894736842105
vision_only_tiled,218,0.1889763779527559,0.3178807947019867
vision_only_tiled,219,0.19047619047619047,0.32
vision_only_tiled,220,0.184,0.3108108108108108
vision_only_tiled,221,0.18548387096774194,0.3129251700680272
vision_only_tiled,222,0.18699186991869918,0.3150684931506849
vision_only_tiled,223,0.1885245901639344,0.31724137931034485
vision_only_tiled,224,0.19834710743801653,0.3310344827586207
vision_only_tiled,225,0.2,0.33333333333333337
vision_only_tiled,226,0.2,0.33333333333333337
vision_only_tiled,227,0.2,0.33333333333333337
vision_only_tiled,228,0.20833333333333334,0.3448275862068966
vision_only_tiled,229,0.2,0.33333333333333337
vision_only_tiled,230,0.20833333333333334,0.3448275862068966
vision_only_tiled,231,0.21666666666666667,0.3561643835616438
vision_only_tiled,232,0.225,0.36734693877551017
vision_only_tiled,233,0.225,0.36734693877551017
vision_only_tiled,234,0.21666666666666667,0.3561643835616438
vision_only_tiled,235,0.21666666666666667,0.3561643835616438
vision_only_tiled,236,0.20833333333333334,0.3448275862068966
vision_only_tiled,237,0.2,0.33333333333333337
vision_only_tiled,238,0.19166666666666668,0.3216783216783217
vision_only_tiled,239,0.18333333333333332,0.30985915492957744
vision_only_tiled,240,0.18333333333333332,0.30985915492957744
vision_only_tiled,241,0.18333333333333332,0.30985915492957744
vision_only_tiled,242,0.18333333333333332,0.30985915492957744
vision_only_tiled,243,0.18333333333333332,0.30985915492957744
vision_only_tiled,244,0.19166666666666668,0.3216783216783217
vision_only_tiled,245,0.19166666666666668,0.3216783216783217
vision_only_tiled,246,0.19166666666666668,0.3216783216783217
vision_only_tiled,247,0.19166666666666668,0.3216783216783217
vision_only_tiled,248,0.2,0.33333333333333337
vision_only_tiled,249,0.20833333333333334,0.3448275862068966
vision_only_tiled,250,0.21666666666666667,0.3561643835616438
vision_only_tiled,251,0.225,0.36734693877551017
vision_only_tiled,252,0.23333333333333334,0.37837837837837834
vision_only_tiled,253,0.24166666666666667,0.38926174496644295
vision_only_tiled,254,0.25,0.4
vision_only_tiled,255,0.25,0.4
vision_only_tiled,256,0.25,0.4
vision_only_tiled,257,0.25,0.4
vision_only_tiled,258,0.25,0.4
vision_only_tiled,259,0.25,0.4
vision_only_tiled,260,0.25,0.4
vision_only_tiled,261,0.25,0.4
vision_only_tiled,262,0.25,0.4
vision_only_tiled,263,0.25,0.4
vision_only_tiled,264,0.25,0.4
vision_only_tiled,265,0.25,0.4
vision_only_tiled,266,0.25,0.4
vision_only_tiled,267,0.24166666666666667,0.38926174496644295
vision_only_tiled,268,0.24166666666666667,0.38926174496644295
vision_only_tiled,269,0.23333333333333334,0.37837837837837834
vision_only_tiled,270,0.23333333333333334,0.37837837837837834
vision_only_tiled,271,0.23333333333333334,0.37837837837837834
vision_only_tiled,272,0.23333333333333334,0.37837837837837834
vision_only_tiled,273,0.23333333333333334,0.37837837837837834
vision_only_tiled,274,0.225,0.36734693877551017
vision_only_tiled,275,0.225,0.36734693877551017
vision_only_tiled,276,0.225,0.36734693877551017
vision_only_tiled,277,0.225,0.36734693877551017
vision_only_tiled,278,0.225,0.36734693877551017
vision_only_tiled,279,0.225,0.36734693877551017
vision_only_tiled,280,0.225,0.36734693877551017
vision_only_tiled,281,0.225,0.36734693877551017
vision_only_tiled,282,0.23333333333333334,0.37837837837837834
vision_only_tiled,283,0.23333333333333334,0.37837837837837834
vision_only_tiled,284,0.24166666666666667,0.38926174496644295
vision_only_tiled,285,0.24166666666666667,0.38926174496644295
vision_only_tiled,286,0.24166666666666667,0.38926174496644295
vision_only_tiled,287,0.24166666666666667,0.38926174496644295
vision_only_tiled,288,0.24166666666666667,0.38926174496644295
vision_only_tiled,289,0.25,0.4
vision_only_tiled,290,0.25,0.4
vision_only_tiled,291,0.25,0.4
vision_only_tiled,292,0.25,0.4
vision_only_tiled,293,0.25,0.4
vision_only_tiled,294,0.25,0.4
vision_only_tiled,295,0.25,0.4
vision_only_tiled,296,0.25,0.4
vision_only_tiled,297,0.25,0.4
vision_only_tiled,298,0.25,0.4
vision_only_tiled,299,0.25,0.4
vision_only_tiled,300,0.25,0.4
vision_only_tiled,301,0.25,0.4
vision_only_tiled,302,0.25,0.4
vision_only_tiled,303,0.25,0.4
vision_only_tiled,304,0.25,0.4
vision_only_tiled,305,0.25,0.4
vision_only_tiled,306,0.25,0.4
vision_only_tiled,307,0.25,0.4
vision_only_tiled,308,0.25,0.4
vision_only_tiled,309,0.25,0.4
vision_only_tiled,310,0.25,0.4
vision_only_tiled,311,0.25,0.4
vision_only_tiled,312,0.25,0.4
vision_only_tiled,313,0.25,0.4
vision_only_tiled,314,0.25,0.4
vision_only_tiled,315,0.25,0.4
vision_only_tiled,316,0.24166666666666667,0.38926174496644295
vision_only_tiled,317,0.24166666666666667,0.38926174496644295
vision_only_tiled,318,0.24166666666666667,0.38926174496644295
vision_only_tiled,319,0.23333333333333334,0.37837837837837834
vision_only_tiled,320,0.23333333333333334,0.37837837837837834
vision_only_tiled,321,0.225,0.36734693877551017
vision_only_tiled,322,0.225,0.36734693877551017
vision_only_tiled,323,0.225,0.36734693877551017
vision_only_tiled,324,0.225,0.36734693877551017
vision_only_tiled,325,0.225,0.36734693877551017
vision_only_tiled,326,0.225,0.36734693877551017
vision_only_tiled,327,0.21666666666666667,0.3561643835616438
vision_only_tiled,328,0.21666666666666667,0.3561643835616438
vision_only_tiled,329,0.21666666666666667,0.3561643835616438
vision_only_tiled,330,0.21666666666666667,0.3561643835616438
vision_only_tiled,331,0.225,0.36734693877551017
vision_only_tiled,332,0.21666666666666667,0.3561643835616438
vision_only_tiled,333,0.21666666666666667,0.3561643835616438
vision_only_tiled,334,0.225,0.36734693877551017
vision_only_tiled,335,0.225,0.36734693877551017
vision_only_tiled,336,0.23333333333333334,0.37837837837837834
vision_only_tiled,337,0.225,0.36734693877551017
vision_only_tiled,338,0.225,0.36734693877551017
vision_only_tiled,339,0.225,0.36734693877551017
vision_only_tiled,340,0.225,0.36734693877551017
vision_only_tiled,341,0.225,0.36486486486486486
vision_only_tiled,342,0.23333333333333334,0.3758389261744967
vision_only_tiled,343,0.23333333333333334,0.3758389261744967
vision_only_tiled,344,0.23333333333333334,0.3758389261744967
vision_only_tiled,345,0.23333333333333334,0.3758389261744967
vision_only_tiled,346,0.23333333333333334,0.3758389261744967
vision_only_tiled,347,0.24166666666666667,0.38666666666666666
vision_only_tiled,348,0.24166666666666667,0.38666666666666666
vision_only_tiled,349,0.24166666666666667,0.38666666666666666
vision_only_tiled,350,0.24166666666666667,0.38666666666666666
vision_only_tiled,351,0.24166666666666667,0.38666666666666666
vision_only_tiled,352,0.25,0.3973509933774834
vision_only_tiled,353,0.24166666666666667,0.38666666666666666
vision_only_tiled,354,0.24166666666666667,0.38666666666666666
vision_only_tiled,355,0.24166666666666667,0.38666666666666666
vision_only_tiled,356,0.24166666666666667,0.38926174496644295
vision_only_tiled,357,0.24166666666666667,0.38926174496644295
vision_only_tiled,358,0.24166666666666667,0.38926174496644295
vision_only_tiled,359,0.24166666666666667,0.38926174496644295
vision_only_tiled,360,0.23333333333333334,0.37837837837837834
vision_only_tiled,361,0.23333333333333334,0.37837837837837834
vision_only_tiled,362,0.225,0.36734693877551017
vision_only_tiled,363,0.21666666666666667,0.3561643835616438
vision_only_tiled,364,0.21666666666666667,0.3561643835616438
vision_only_tiled,365,0.21666666666666667,0.3561643835616438
vision_only_tiled,366,0.21666666666666667,0.3561643835616438
vision_only_tiled,367,0.21666666666666667,0.3561643835616438
vision_only_tiled,368,0.225,0.36734693877551017
vision_only_tiled,369,0.225,0.36734693877551017
vision_only_tiled,370,0.21666666666666667,0.3561643835616438
vision_only_tiled,371,0.21666666666666667,0.3561643835616438
vision_only_tiled,372,0.20833333333333334,0.3448275862068966
vision_only_tiled,373,0.20833333333333334,0.3448275862068966
vision_only_tiled,374,0.20833333333333334,0.3448275862068966
vision_only_tiled,375,0.20833333333333334,0.3448275862068966
vision_only_tiled,376,0.20833333333333334,0.3448275862068966
vision_only_tiled,377,0.21666666666666667,0.3561643835616438
vision_only_tiled,378,0.225,0.36734693877551017
vision_only_tiled,379,0.225,0.36734693877551017
vision_only_tiled,380,0.225,0.36734693877551017
vision_only_tiled,381,0.225,0.36734693877551017
vision_only_tiled,382,0.225,0.36734693877551017
vision_only_tiled,383,0.225,0.36734693877551017
vision_only_tiled,384,0.225,0.36734693877551017
vision_only_tiled,385,0.23333333333333334,0.37837837837837834
vision_only_tiled,386,0.23333333333333334,0.37837837837837834
vision_only_tiled,387,0.23333333333333334,0.37837837837837834
vision_only_tiled,388,0.225,0.36734693877551017
vision_only_tiled,389,0.225,0.36734693877551017
vision_only_tiled,390,0.225,0.36734693877551017
vision_only_tiled,391,0.21666666666666667,0.3561643835616438
vision_only_tiled,392,0.20833333333333334,0.3448275862068966
vision_only_tiled,393,0.20833333333333334,0.3448275862068966
vision_only_tiled,394,0.20833333333333334,0.3448275862068966
vision_only_tiled,395,0.2,0.33333333333333337
vision_only_tiled,396,0.2,0.33333333333333337
vision_only_tiled,397,0.19166666666666668,0.3216783216783217
vision_only_tiled,398,0.18333333333333332,0.30985915492957744
vision_only_tiled,399,0.175,0.2978723404255319
vision_only_tiled,400,0.16666666666666666,0.2857142857142857
vision_only_tiled,401,0.16666666666666666,0.2857142857142857
vision_only_tiled,402,0.175,0.2978723404255319
vision_only_tiled,403,0.175,0.2978723404255319
vision_only_tiled,404,0.16666666666666666,0.2857142857142857
vision_only_tiled,405,0.16666666666666666,0.2857142857142857
vision_only_tiled,406,0.16666666666666666,0.2857142857142857
vision_only_tiled,407,0.175,0.2978723404255319
vision_only_tiled,408,0.175,0.2978723404255319
vision_only_tiled,409,0.175,0.2978723404255319
vision_only_tiled,410,0.18333333333333332,0.30985915492957744
vision_only_tiled,411,0.18333333333333332,0.30985915492957744
vision_only_tiled,412,0.19166666666666668,0.3216783216783217
vision_only_tiled,413,0.2,0.33333333333333337
vision_only_tiled,414,0.2,0.33333333333333337
vision_only_tiled,415,0.20833333333333334,0.3448275862068966
vision_only_tiled,416,0.20833333333333334,0.3424657534246575
vision_only_tiled,417,0.20833333333333334,0.3424657534246575
vision_only_tiled,418,0.20833333333333334,0.3424657534246575
