method,camera_frame,split,ground_truth_count,prediction_count,tp,fp,fn,precision,recall,f1,source_mode,detail_available
vision_only_tiled,119,train,9,2,2,0,7,1.0,0.2222222222222222,0.3636363636363636,prediction_jsonl,True
vision_only_tiled,120,train,9,2,2,0,7,1.0,0.2222222222222222,0.3636363636363636,prediction_jsonl,True
vision_only_tiled,121,train,9,2,2,0,7,1.0,0.2222222222222222,0.3636363636363636,prediction_jsonl,True
vision_only_tiled,122,train,9,2,2,0,7,1.0,0.2222222222222222,0.3636363636363636,prediction_jsonl,True
vision_only_tiled,123,train,9,2,2,0,7,1.0,0.2222222222222222,0.3636363636363636,prediction_jsonl,True
vision_only_tiled,124,train,9,2,2,0,7,1.0,0.2222222222222222,0.3636363636363636,prediction_jsonl,True
vision_only_tiled,125,train,9,2,2,0,7,1.0,0.2222222222222222,0.3636363636363636,prediction_jsonl,True
vision_only_tiled,126,train,9,2,2,0,7,1.0,0.2222222222222222,0.3636363636363636,prediction_jsonl,True
vision_only_tiled,127,train,9,2,2,0,7,1.0,0.2222222222222222,0.3636363636363636,prediction_jsonl,True
vision_only_tiled,128,train,9,2,2,0,7,1.0,0.2222222222222222,0.3636363636363636,prediction_jsonl,True
vision_only_tiled,129,train,9,2,2,0,7,1.0,0.2222222222222222,0.3636363636363636,prediction_jsonl,True
vision_only_tiled,130,train,9,2,2,0,7,1.0,0.2222222222222222,0.3636363636363636,prediction_jsonl,True
vision_only_tiled,131,train,9,2,2,0,7,1.0,0.2222222222222222,0.3636363636363636,prediction_jsonl,True
vision_only_tiled,132,train,9,2,2,0,7,1.0,0.2222222222222222,0.3636363636363636,prediction_jsonl,True
vision_only_tiled,133,train,9,2,2,0,7,1.0,0.2222222222222222,0.3636363636363636,prediction_jsonl,True
vision_only_tiled,134,train,9,2,2,0,7,1.0,0.2222222222222222,0.3636363636363636,prediction_jsonl,True
vision_only_tiled,135,train,9,2,2,0,7,1.0,0.2222222222222222,0.3636363636363636,prediction_jsonl,True
vision_only_tiled,136,train,9,2,2,0,7,1.0,0.2222222222222222,0.3636363636363636,prediction_jsonl,True
vision_only_tiled,137,train,9,2,2,0,7,1.0,0.2222222222222222,0.3636363636363636,prediction_jsonl,True
vision_only_tiled,138,train,9,1,1,0,8,1.0,0.1111111111111111,0.19999999999999998,prediction_jsonl,True
vision_only_tiled,139,train,9,2,2,0,7,1.0,0.2222222222222222,0.3636363636363636,prediction_jsonl,True
vision_only_tiled,140,train,9,2,2,0,7,1.0,0.2222222222222222,0.3636363636363636,prediction_jsonl,True
vision_only_tiled,141,train,9,2,2,0,7,1.0,0.2222222222222222,0.3636363636363636,prediction_jsonl,True
vision_only_tiled,142,train,9,2,2,0,7,1.0,0.2222222222222222,0.3636363636363636,prediction_jsonl,True
vision_only_tiled,143,train,9,2,2,0,7,1.0,0.2222222222222222,0.3636363636363636,prediction_jsonl,True
vision_only_tiled,144,train,9,2,2,0,7,1.0,0.2222222222222222,0.3636363636363636,prediction_jsonl,True
vision_only_tiled,145,train,9,2,2,0,7,1.0,0.2222222222222222,0.3636363636363636,prediction_jsonl,True
vision_only_tiled,146,train,9,2,2,0,7,1.0,0.2222222222222222,0.3636363636363636,prediction_jsonl,True
vision_only_tiled,147,train,9,2,2,0,7,1.0,0.2222222222222222,0.3636363636363636,prediction_jsonl,True
vision_only_tiled,148,train,9,2,2,0,7,1.0,0.2222222222222222,0.3636363636363636,prediction_jsonl,True
vision_only_tiled,149,train,9,2,2,0,7,1.0,0.2222222222222222,0.3636363636363636,prediction_jsonl,True
vision_only_tiled,150,train,9,2,2,0,7,1.0,0.2222222222222222,0.3636363636363636,prediction_jsonl,True
vision_only_tiled,151,train,9,2,2,0,7,1.0,0.2222222222222222,0.3636363636363636,prediction_jsonl,True
vision_only_tiled,152,train,9,2,2,0,7,1.0,0.2222222222222222,0.3636363636363636,prediction_jsonl,True
vision_only_tiled,153,train,9,2,2,0,7,1.0,0.2222222222222222,0.3636363636363636,prediction_jsonl,True
vision_only_tiled,154,train,9,2,2,0,7,1.0,0.2222222222222222,0.3636363636363636,prediction_jsonl,True
vision_only_tiled,155,train,9,2,2,0,7,1.0,0.2222222222222222,0.3636363636363636,prediction_jsonl,True
vision_only_tiled,156,train,9,2,2,0,7,1.0,0.2222222222222222,0.3636363636363636,prediction_jsonl,True
vision_only_tiled,157,train,9,2,2,0,7,1.0,0.2222222222222222,0.3636363636363636,prediction_jsonl,True
vision_only_tiled,158,train,9,2,2,0,7,1.0,0.2222222222222222,0.3636363636363636,prediction_jsonl,True
vision_only_tiled,159,train,9,2,2,0,7,1.0,0.2222222222222222,0.3636363636363636,prediction_jsonl,True
vision_only_tiled,160,train,9,2,2,0,7,1.0,0.2222222222222222,0.3636363636363636,prediction_jsonl,True
vision_only_tiled,161,train,9,2,2,0,7,1.0,0.2222222222222222,0.3636363636363636,prediction_jsonl,True
vision_only_tiled,162,train,9,2,2,0,7,1.0,0.2222222222222222,0.3636363636363636,prediction_jsonl,True
vision_only_tiled,163,train,9,2,2,0,7,1.0,0.2222222222222222,0.3636363636363636,prediction_jsonl,True
vision_only_tiled,164,train,9,2,2,0,7,1.0,0.2222222222222222,0.3636363636363636,prediction_jsonl,True
vision_only_tiled,165,train,9,2,2,0,7,1.0,0.2222222222222222,0.3636363636363636,prediction_jsonl,True
vision_only_tiled,166,train,9,2,2,0,7,1.0,0.2222222222222222,0.3636363636363636,prediction_jsonl,True
vision_only_tiled,167,train,9,2,2,0,7,1.0,0.2222222222222222,0.3636363636363636,prediction_jsonl,True
vision_only_tiled,168,train,9,2,2,0,7,1.0,0.2222222222222222,0.3636363636363636,prediction_jsonl,True
vision_only_tiled,169,train,9,2,2,0,7,1.0,0.2222222222222222,0.3636363636363636,prediction_jsonl,True
vision_only_tiled,170,train,9,2,2,0,7,1.0,0.2222222222222222,0.3636363636363636,prediction_jsonl,True
vision_only_tiled,171,train,9,2,2,0,7,1.0,0.2222222222222222,0.3636363636363636,prediction_jsonl,True
vision_only_tiled,172,train,9,1,1,0,8,1.0,0.1111111111111111,0.19999999999999998,prediction_jsonl,True
vision_only_tiled,173,train,9,1,1,0,8,1.0,0.1111111111111111,0.19999999999999998,prediction_jsonl,True
vision_only_tiled,174,train,9,1,1,0,8,1.0,0.1111111111111111,0.19999999999999998,prediction_jsonl,True
vision_only_tiled,175,train,9,2,2,0,7,1.0,0.2222222222222222,0.3636363636363636,prediction_jsonl,True
vision_only_tiled,176,train,9,2,2,0,7,1.0,0.2222222222222222,0.3636363636363636,prediction_jsonl,True
vision_only_tiled,177,train,9,1,1,0,8,1.0,0.1111111111111111,0.19999999999999998,prediction_jsonl,True
vision_only_tiled,178,train,9,2,2,0,7,1.0,0.2222222222222222,0.3636363636363636,prediction_jsonl,True
vision_only_tiled,179,train,9,1,1,0,8,1.0,0.1111111111111111,0.19999999999999998,prediction_jsonl,True
vision_only_tiled,180,train,9,2,2,0,7,1.0,0.2222222222222222,0.3636363636363636,prediction_jsonl,True
vision_only_tiled,181,train,9,2,2,0,7,1.0,0.2222222222222222,0.3636363636363636,prediction_jsonl,True
vision_only_tiled,182,train,9,2,2,0,7,1.0,0.2222222222222222,0.3636363636363636,prediction_jsonl,True
vision_only_tiled,183,train,9,1,1,0,8,1.0,0.1111111111111111,0.19999999999999998,prediction_jsonl,True
vision_only_tiled,184,train,9,2,2,0,7,1.0,0.2222222222222222,0.3636363636363636,prediction_jsonl,True
vision_only_tiled,185,train,9,2,2,0,7,1.0,0.2222222222222222,0.3636363636363636,prediction_jsonl,True
vision_only_tiled,186,train,9,1,1,0,8,1.0,0.1111111111111111,0.19999999999999998,prediction_jsonl,True
vision_only_tiled,187,train,9,2,2,0,7,1.0,0.2222222222222222,0.3636363636363636,prediction_jsonl,True
vision_only_tiled,188,train,9,2,2,0,7,1.0,0.2222222222222222,0.3636363636363636,prediction_jsonl,True
vision_only_tiled,189,train,9,2,2,0,7,1.0,0.2222222222222222,0.3636363636363636,prediction_jsonl,True
vision_only_tiled,190,train,9,2,2,0,7,1.0,0.2222222222222222,0.3636363636363636,prediction_jsonl,True
vision_only_tiled,191,train,9,1,1,0,8,1.0,0.1111111111111111,0.19999999999999998,prediction_jsonl,True
vision_only_tiled,192,train,9,2,2,0,7,1.0,0.2222222222222222,0.3636363636363636,prediction_jsonl,True
vision_only_tiled,193,train,9,1,1,0,8,1.0,0.1111111111111111,0.19999999999999998,prediction_jsonl,True
vision_only_tiled,194,train,9,1,1,0,8,1.0,0.1111111111111111,0.19999999999999998,prediction_jsonl,True
vision_only_tiled,195,train,9,1,1,0,8,1.0,0.1111111111111111,0.19999999999999998,prediction_jsonl,True
vision_only_tiled,196,train,9,1,1,0,8,1.0,0.1111111111111111,0.19999999999999998,prediction_jsonl,True
vision_only_tiled,197,train,9,1,1,0,8,1.0,0.1111111111111111,0.19999999999999998,prediction_jsonl,True
vision_only_tiled,198,train,9,1,1,0,8,1.0,0.1111111111111111,0.19999999999999998,prediction_jsonl,True
vision_only_tiled,199,train,9,1,1,0,8,1.0,0.1111111111111111,0.19999999999999998,prediction_jsonl,True
vision_only_tiled,200,train,9,2,2,0,7,1.0,0.2222222222222222,0.3636363636363636,prediction_jsonl,True
vision_only_tiled,201,train,9,2,2,0,7,1.0,0.2222222222222222,0.3636363636363636,prediction_jsonl,True
vision_only_tiled,202,train,9,1,1,0,8,1.0,0.1111111111111111,0.19999999999999998,prediction_jsonl,True
vision_only_tiled,203,train,9,1,1,0,8,1.0,0.1111111111111111,0.19999999999999998,prediction_jsonl,True
vision_only_tiled,204,train,9,2,2,0,7,1.0,0.2222222222222222,0.3636363636363636,prediction_jsonl,True
vision_only_tiled,205,train,9,2,2,0,7,1.0,0.2222222222222222,0.3636363636363636,prediction_jsonl,True
vision_only_tiled,206,train,9,2,2,0,7,1.0,0.2222222222222222,0.3636363636363636,prediction_jsonl,True
vision_only_tiled,207,train,9,2,2,0,7,1.0,0.2222222222222222,0.3636363636363636,prediction_jsonl,True
vision_only_tiled,208,train,9,2,2,0,7,1.0,0.2222222222222222,0.3636363636363636,prediction_jsonl,True
vision_only_tiled,209,train,9,1,1,0,8,1.0,0.1111111111111111,0.19999999999999998,prediction_jsonl,True
vision_only_tiled,210,train,9,2,2,0,7,1.0,0.2222222222222222,0.3636363636363636,prediction_jsonl,True
vision_only_tiled,211,train,8,2,2,0,6,1.0,0.25,0.4,prediction_jsonl,True
vision_only_tiled,212,train,8,2,2,0,6,1.0,0.25,0.4,prediction_jsonl,True
vision_only_tiled,213,train,8,1,1,0,7,1.0,0.125,0.2222222222222222,prediction_jsonl,True
vision_only_tiled,214,train,8,2,2,0,6,1.0,0.25,0.4,prediction_jsonl,True
vision_only_tiled,215,train,8,1,1,0,7,1.0,0.125,0.2222222222222222,prediction_jsonl,True
vision_only_tiled,216,train,8,1,1,0,7,1.0,0.125,0.2222222222222222,prediction_jsonl,True
vision_only_tiled,217,train,8,1,1,0,7,1.0,0.125,0.2222222222222222,prediction_jsonl,True
vision_only_tiled,218,train,8,1,1,0,7,1.0,0.125,0.2222222222222222,prediction_jsonl,True
vision_only_tiled,219,train,8,2,2,0,6,1.0,0.25,0.4,prediction_jsonl,True
vision_only_tiled,220,train,8,1,1,0,7,1.0,0.125,0.2222222222222222,prediction_jsonl,True
vision_only_tiled,221,train,8,2,2,0,6,1.0,0.25,0.4,prediction_jsonl,True
vision_only_tiled,222,train,8,2,2,0,6,1.0,0.25,0.4,prediction_jsonl,True
vision_only_tiled,223,train,8,2,2,0,6,1.0,0.25,0.4,prediction_jsonl,True
vision_only_tiled,224,train,8,2,2,0,6,1.0,0.25,0.4,prediction_jsonl,True
vision_only_tiled,225,train,8,2,2,0,6,1.0,0.25,0.4,prediction_jsonl,True
vision_only_tiled,226,train,8,2,2,0,6,1.0,0.25,0.4,prediction_jsonl,True
vision_only_tiled,227,train,8,2,2,0,6,1.0,0.25,0.4,prediction_jsonl,True
vision_only_tiled,228,train,8,2,2,0,6,1.0,0.25,0.4,prediction_jsonl,True
vision_only_tiled,229,train,8,1,1,0,7,1.0,0.125,0.2222222222222222,prediction_jsonl,True
vision_only_tiled,230,train,8,2,2,0,6,1.0,0.25,0.4,prediction_jsonl,True
vision_only_tiled,231,train,8,2,2,0,6,1.0,0.25,0.4,prediction_jsonl,True
vision_only_tiled,232,train,8,2,2,0,6,1.0,0.25,0.4,prediction_jsonl,True
vision_only_tiled,233,train,8,1,1,0,7,1.0,0.125,0.2222222222222222,prediction_jsonl,True
vision_only_tiled,234,train,8,1,1,0,7,1.0,0.125,0.2222222222222222,prediction_jsonl,True
vision_only_tiled,235,train,8,1,1,0,7,1.0,0.125,0.2222222222222222,prediction_jsonl,True
vision_only_tiled,236,train,8,1,1,0,7,1.0,0.125,0.2222222222222222,prediction_jsonl,True
vision_only_tiled,237,train,8,1,1,0,7,1.0,0.125,0.2222222222222222,prediction_jsonl,True
vision_only_tiled,238,train,8,1,1,0,7,1.0,0.125,0.2222222222222222,prediction_jsonl,True
vision_only_tiled,239,train,8,1,1,0,7,1.0,0.125,0.2222222222222222,prediction_jsonl,True
vision_only_tiled,240,train,8,2,2,0,6,1.0,0.25,0.4,prediction_jsonl,True
vision_only_tiled,241,train,8,2,2,0,6,1.0,0.25,0.4,prediction_jsonl,True
vision_only_tiled,242,train,8,2,2,0,6,1.0,0.25,0.4,prediction_jsonl,True
vision_only_tiled,243,train,8,2,2,0,6,1.0,0.25,0.4,prediction_jsonl,True
vision_only_tiled,244,train,8,2,2,0,6,1.0,0.25,0.4,prediction_jsonl,True
vision_only_tiled,245,train,8,2,2,0,6,1.0,0.25,0.4,prediction_jsonl,True
vision_only_tiled,246,train,8,2,2,0,6,1.0,0.25,0.4,prediction_jsonl,True
vision_only_tiled,247,train,8,2,2,0,6,1.0,0.25,0.4,prediction_jsonl,True
vision_only_tiled,248,train,8,2,2,0,6,1.0,0.25,0.4,prediction_jsonl,True
vision_only_tiled,249,train,8,2,2,0,6,1.0,0.25,0.4,prediction_jsonl,True
vision_only_tiled,250,train,8,2,2,0,6,1.0,0.25,0.4,prediction_jsonl,True
vision_only_tiled,251,train,8,2,2,0,6,1.0,0.25,0.4,prediction_jsonl,True
vision_only_tiled,252,train,8,2,2,0,6,1.0,0.25,0.4,prediction_jsonl,True
vision_only_tiled,253,train,8,2,2,0,6,1.0,0.25,0.4,prediction_jsonl,True
vision_only_tiled,254,train,8,2,2,0,6,1.0,0.25,0.4,prediction_jsonl,True
vision_only_tiled,255,train,8,2,2,0,6,1.0,0.25,0.4,prediction_jsonl,True
vision_only_tiled,256,train,8,2,2,0,6,1.0,0.25,0.4,prediction_jsonl,True
vision_only_tiled,257,train,8,2,2,0,6,1.0,0.25,0.4,prediction_jsonl,True
vision_only_tiled,258,train,8,2,2,0,6,1.0,0.25,0.4,prediction_jsonl,True
vision_only_tiled,259,train,8,2,2,0,6,1.0,0.25,0.4,prediction_jsonl,True
vision_only_tiled,260,train,8,2,2,0,6,1.0,0.25,0.4,prediction_jsonl,True
vision_only_tiled,261,train,8,2,2,0,6,1.0,0.25,0.4,prediction_jsonl,True
vision_only_tiled,262,train,8,2,2,0,6,1.0,0.25,0.4,prediction_jsonl,True
vision_only_tiled,263,train,8,2,2,0,6,1.0,0.25,0.4,prediction_jsonl,True
vision_only_tiled,264,train,8,2,2,0,6,1.0,0.25,0.4,prediction_jsonl,True
vision_only_tiled,265,train,8,2,2,0,6,1.0,0.25,0.4,prediction_jsonl,True
vision_only_tiled,266,train,8,2,2,0,6,1.0,0.25,0.4,prediction_jsonl,True
vision_only_tiled,267,train,8,1,1,0,7,1.0,0.125,0.2222222222222222,prediction_jsonl,True
vision_only_tiled,268,train,8,2,2,0,6,1.0,0.25,0.4,prediction_jsonl,True
vision_only_tiled,269,train,8,1,1,0,7,1.0,0.125,0.2222222222222222,prediction_jsonl,True
vision_only_tiled,270,train,8,2,2,0,6,1.0,0.25,0.4,prediction_jsonl,True
vision_only_tiled,271,train,8,2,2,0,6,1.0,0.25,0.4,prediction_jsonl,True
vision_only_tiled,272,train,8,2,2,0,6,1.0,0.25,0.4,prediction_jsonl,True
vision_only_tiled,273,train,8,2,2,0,6,1.0,0.25,0.4,prediction_jsonl,True
vision_only_tiled,274,train,8,1,1,0,7,1.0,0.125,0.2222222222222222,prediction_jsonl,True
vision_only_tiled,275,train,8,2,2,0,6,1.0,0.25,0.4,prediction_jsonl,True
vision_only_tiled,276,train,8,2,2,0,6,1.0,0.25,0.4,prediction_jsonl,True
vision_only_tiled,277,train,8,2,2,0,6,1.0,0.25,0.4,prediction_jsonl,True
vision_only_tiled,278,train,8,2,2,0,6,1.0,0.25,0.4,prediction_jsonl,True
vision_only_tiled,279,train,8,2,2,0,6,1.0,0.25,0.4,prediction_jsonl,True
vision_only_tiled,280,train,8,2,2,0,6,1.0,0.25,0.4,prediction_jsonl,True
vision_only_tiled,281,train,8,2,2,0,6,1.0,0.25,0.4,prediction_jsonl,True
vision_only_tiled,282,train,8,2,2,0,6,1.0,0.25,0.4,prediction_jsonl,True
vision_only_tiled,283,train,8,2,2,0,6,1.0,0.25,0.4,prediction_jsonl,True
vision_only_tiled,284,train,8,2,2,0,6,1.0,0.25,0.4,prediction_jsonl,True
vision_only_tiled,285,train,8,2,2,0,6,1.0,0.25,0.4,prediction_jsonl,True
vision_only_tiled,286,train,8,2,2,0,6,1.0,0.25,0.4,prediction_jsonl,True
vision_only_tiled,287,train,8,2,2,0,6,1.0,0.25,0.4,prediction_jsonl,True
vision_only_tiled,288,train,8,2,2,0,6,1.0,0.25,0.4,prediction_jsonl,True
vision_only_tiled,289,train,8,2,2,0,6,1.0,0.25,0.4,prediction_jsonl,True
vision_only_tiled,290,train,8,2,2,0,6,1.0,0.25,0.4,prediction_jsonl,True
vision_only_tiled,291,train,8,2,2,0,6,1.0,0.25,0.4,prediction_jsonl,True
vision_only_tiled,292,train,8,2,2,0,6,1.0,0.25,0.4,prediction_jsonl,True
vision_only_tiled,293,train,8,2,2,0,6,1.0,0.25,0.4,prediction_jsonl,True
vision_only_tiled,294,train,8,2,2,0,6,1.0,0.25,0.4,prediction_jsonl,True
vision_only_tiled,295,train,8,2,2,0,6,1.0,0.25,0.4,prediction_jsonl,True
vision_only_tiled,296,train,8,2,2,0,6,1.0,0.25,0.4,prediction_jsonl,True
vision_only_tiled,297,train,8,2,2,0,6,1.0,0.25,0.4,prediction_jsonl,True
vision_only_tiled,298,train,8,2,2,0,6,1.0,0.25,0.4,prediction_jsonl,True
vision_only_tiled,299,train,8,2,2,0,6,1.0,0.25,0.4,prediction_jsonl,True
vision_only_tiled,300,train,8,2,2,0,6,1.0,0.25,0.4,prediction_jsonl,True
vision_only_tiled,301,train,8,2,2,0,6,1.0,0.25,0.4,prediction_jsonl,True
vision_only_tiled,302,train,8,2,2,0,6,1.0,0.25,0.4,prediction_jsonl,True
vision_only_tiled,303,train,8,2,2,0,6,1.0,0.25,0.4,prediction_jsonl,True
vision_only_tiled,304,train,8,2,2,0,6,1.0,0.25,0.4,prediction_jsonl,True
vision_only_tiled,305,train,8,2,2,0,6,1.0,0.25,0.4,prediction_jsonl,True
vision_only_tiled,306,train,8,2,2,0,6,1.0,0.25,0.4,prediction_jsonl,True
vision_only_tiled,307,train,8,2,2,0,6,1.0,0.25,0.4,prediction_jsonl,True
vision_only_tiled,308,train,8,2,2,0,6,1.0,0.25,0.4,prediction_jsonl,True
vision_only_tiled,309,train,8,2,2,0,6,1.0,0.25,0.4,prediction_jsonl,True
vision_only_tiled,310,train,8,2,2,0,6,1.0,0.25,0.4,prediction_jsonl,True
vision_only_tiled,311,train,8,2,2,0,6,1.0,0.25,0.4,prediction_jsonl,True
vision_only_tiled,312,train,8,2,2,0,6,1.0,0.25,0.4,prediction_jsonl,True
vision_only_tiled,313,train,8,2,2,0,6,1.0,0.25,0.4,prediction_jsonl,True
vision_only_tiled,314,train,8,2,2,0,6,1.0,0.25,0.4,prediction_jsonl,True
vision_only_tiled,315,train,8,2,2,0,6,1.0,0.25,0.4,prediction_jsonl,True
vision_only_tiled,316,train,8,1,1,0,7,1.0,0.125,0.2222222222222222,prediction_jsonl,True
vision_only_tiled,317,train,8,2,2,0,6,1.0,0.25,0.4,prediction_jsonl,True
vision_only_tiled,318,train,8,2,2,0,6,1.0,0.25,0.4,prediction_jsonl,True
vision_only_tiled,319,train,8,1,1,0,7,1.0,0.125,0.2222222222222222,prediction_jsonl,True
vision_only_tiled,320,train,8,2,2,0,6,1.0,0.25,0.4,prediction_jsonl,True
vision_only_tiled,321,train,8,1,1,0,7,1.0,0.125,0.2222222222222222,prediction_jsonl,True
vision_only_tiled,322,train,8,2,2,0,6,1.0,0.25,0.4,prediction_jsonl,True
vision_only_tiled,323,train,8,2,2,0,6,1.0,0.25,0.4,prediction_jsonl,True
vision_only_tiled,324,train,8,2,2,0,6,1.0,0.25,0.4,prediction_jsonl,True
vision_only_tiled,325,train,8,2,2,0,6,1.0,0.25,0.4,prediction_jsonl,True
vision_only_tiled,326,train,8,2,2,0,6,1.0,0.25,0.4,prediction_jsonl,True
vision_only_tiled,327,train,8,1,1,0,7,1.0,0.125,0.2222222222222222,prediction_jsonl,True
vision_only_tiled,328,train,8,2,2,0,6,1.0,0.25,0.4,prediction_jsonl,True
vision_only_tiled,329,val,8,2,2,0,6,1.0,0.25,0.4,prediction_jsonl,True
vision_only_tiled,330,val,8,2,2,0,6,1.0,0.25,0.4,prediction_jsonl,True
vision_only_tiled,331,val,8,2,2,0,6,1.0,0.25,0.4,prediction_jsonl,True
vision_only_tiled,332,val,8,1,1,0,7,1.0,0.125,0.2222222222222222,prediction_jsonl,True
vision_only_tiled,333,val,8,2,2,0,6,1.0,0.25,0.4,prediction_jsonl,True
vision_only_tiled,334,val,8,2,2,0,6,1.0,0.25,0.4,prediction_jsonl,True
vision_only_tiled,335,val,8,2,2,0,6,1.0,0.25,0.4,prediction_jsonl,True
vision_only_tiled,336,val,8,2,2,0,6,1.0,0.25,0.4,prediction_jsonl,True
vision_only_tiled,337,val,8,1,1,0,7,1.0,0.125,0.2222222222222222,prediction_jsonl,True
vision_only_tiled,338,val,8,2,2,0,6,1.0,0.25,0.4,prediction_jsonl,True
vision_only_tiled,339,val,8,2,2,0,6,1.0,0.25,0.4,prediction_jsonl,True
vision_only_tiled,340,val,8,2,2,0,6,1.0,0.25,0.4,prediction_jsonl,True
vision_only_tiled,341,val,8,3,2,1,6,0.6666666666666666,0.25,0.36363636363636365,prediction_jsonl,True
vision_only_tiled,342,val,8,2,2,0,6,1.0,0.25,0.4,prediction_jsonl,True
vision_only_tiled,343,val,8,2,2,0,6,1.0,0.25,0.4,prediction_jsonl,True
vision_only_tiled,344,val,8,2,2,0,6,1.0,0.25,0.4,prediction_jsonl,True
vision_only_tiled,345,val,8,2,2,0,6,1.0,0.25,0.4,prediction_jsonl,True
vision_only_tiled,346,val,8,2,2,0,6,1.0,0.25,0.4,prediction_jsonl,True
vision_only_tiled,347,val,8,2,2,0,6,1.0,0.25,0.4,prediction_jsonl,True
vision_only_tiled,348,val,8,2,2,0,6,1.0,0.25,0.4,prediction_jsonl,True
vision_only_tiled,349,val,8,2,2,0,6,1.0,0.25,0.4,prediction_jsonl,True
vision_only_tiled,350,val,8,2,2,0,6,1.0,0.25,0.4,prediction_jsonl,True
vision_only_tiled,351,val,8,2,2,0,6,1.0,0.25,0.4,prediction_jsonl,True
vision_only_tiled,352,val,8,2,2,0,6,1.0,0.25,0.4,prediction_jsonl,True
vision_only_tiled,353,val,8,1,1,0,7,1.0,0.125,0.2222222222222222,prediction_jsonl,True
vision_only_tiled,354,val,8,2,2,0,6,1.0,0.25,0.4,prediction_jsonl,True
vision_only_tiled,355,val,8,2,2,0,6,1.0,0.25,0.4,prediction_jsonl,True
vision_only_tiled,356,val,8,2,2,0,6,1.0,0.25,0.4,prediction_jsonl,True
vision_only_tiled,357,val,8,2,2,0,6,1.0,0.25,0.4,prediction_jsonl,True
vision_only_tiled,358,val,8,2,2,0,6,1.0,0.25,0.4,prediction_jsonl,True
vision_only_tiled,359,val,8,2,2,0,6,1.0,0.25,0.4,prediction_jsonl,True
vision_only_tiled,360,val,8,1,1,0,7,1.0,0.125,0.2222222222222222,prediction_jsonl,True
vision_only_tiled,361,val,8,2,2,0,6,1.0,0.25,0.4,prediction_jsonl,True
vision_only_tiled,362,val,8,1,1,0,7,1.0,0.125,0.2222222222222222,prediction_jsonl,True
vision_only_tiled,363,val,8,1,1,0,7,1.0,0.125,0.2222222222222222,prediction_jsonl,True
vision_only_tiled,364,val,8,2,2,0,6,1.0,0.25,0.4,prediction_jsonl,True
vision_only_tiled,365,val,8,2,2,0,6,1.0,0.25,0.4,prediction_jsonl,True
vision_only_tiled,366,val,8,2,2,0,6,1.0,0.25,0.4,prediction_jsonl,True
vision_only_tiled,367,val,8,2,2,0,6,1.0,0.25,0.4,prediction_jsonl,True
vision_only_tiled,368,val,8,2,2,0,6,1.0,0.25,0.4,prediction_jsonl,True
vision_only_tiled,369,val,8,2,2,0,6,1.0,0.25,0.4,prediction_jsonl,True
vision_only_tiled,370,val,8,1,1,0,7,1.0,0.125,0.2222222222222222,prediction_jsonl,True
vision_only_tiled,371,val,8,2,2,0,6,1.0,0.25,0.4,prediction_jsonl,True
vision_only_tiled,372,val,8,1,1,0,7,1.0,0.125,0.2222222222222222,prediction_jsonl,True
vision_only_tiled,373,val,8,2,2,0,6,1.0,0.25,0.4,prediction_jsonl,True
vision_only_tiled,374,test,8,2,2,0,6,1.0,0.25,0.4,prediction_jsonl,True
vision_only_tiled,375,test,8,1,1,0,7,1.0,0.125,0.2222222222222222,prediction_jsonl,True
vision_only_tiled,376,test,8,2,2,0,6,1.0,0.25,0.4,prediction_jsonl,True
vision_only_tiled,377,test,8,2,2,0,6,1.0,0.25,0.4,prediction_jsonl,True
vision_only_tiled,378,test,8,2,2,0,6,1.0,0.25,0.4,prediction_jsonl,True
vision_only_tiled,379,test,8,2,2,0,6,1.0,0.25,0.4,prediction_jsonl,True
vision_only_tiled,380,test,8,2,2,0,6,1.0,0.25,0.4,prediction_jsonl,True
vision_only_tiled,381,test,8,2,2,0,6,1.0,0.25,0.4,prediction_jsonl,True
vision_only_tiled,382,test,8,2,2,0,6,1.0,0.25,0.4,prediction_jsonl,True
vision_only_tiled,383,test,8,2,2,0,6,1.0,0.25,0.4,prediction_jsonl,True
vision_only_tiled,384,test,8,2,2,0,6,1.0,0.25,0.4,prediction_jsonl,True
vision_only_tiled,385,test,8,2,2,0,6,1.0,0.25,0.4,prediction_jsonl,True
vision_only_tiled,386,test,8,2,2,0,6,1.0,0.25,0.4,prediction_jsonl,True
vision_only_tiled,387,test,8,1,1,0,7,1.0,0.125,0.2222222222222222,prediction_jsonl,True
vision_only_tiled,388,test,8,1,1,0,7,1.0,0.125,0.2222222222222222,prediction_jsonl,True
vision_only_tiled,389,test,8,2,2,0,6,1.0,0.25,0.4,prediction_jsonl,True
vision_only_tiled,390,test,8,1,1,0,7,1.0,0.125,0.2222222222222222,prediction_jsonl,True
vision_only_tiled,391,test,8,1,1,0,7,1.0,0.125,0.2222222222222222,prediction_jsonl,True
vision_only_tiled,392,test,8,1,1,0,7,1.0,0.125,0.2222222222222222,prediction_jsonl,True
vision_only_tiled,393,test,8,2,2,0,6,1.0,0.25,0.4,prediction_jsonl,True
vision_only_tiled,394,test,8,2,2,0,6,1.0,0.25,0.4,prediction_jsonl,True
vision_only_tiled,395,test,8,1,1,0,7,1.0,0.125,0.2222222222222222,prediction_jsonl,True
vision_only_tiled,396,test,8,2,2,0,6,1.0,0.25,0.4,prediction_jsonl,True
vision_only_tiled,397,test,8,1,1,0,7,1.0,0.125,0.2222222222222222,prediction_jsonl,True
vision_only_tiled,398,test,8,1,1,0,7,1.0,0.125,0.2222222222222222,prediction_jsonl,True
vision_only_tiled,399,test,8,1,1,0,7,1.0,0.125,0.2222222222222222,prediction_jsonl,True
vision_only_tiled,400,test,8,1,1,0,7,1.0,0.125,0.2222222222222222,prediction_jsonl,True
vision_only_tiled,401,test,8,2,2,0,6,1.0,0.25,0.4,prediction_jsonl,True
vision_only_tiled,402,test,8,2,2,0,6,1.0,0.25,0.4,prediction_jsonl,True
vision_only_tiled,403,test,8,1,1,0,7,1.0,0.125,0.2222222222222222,prediction_jsonl,True
vision_only_tiled,404,test,8,1,1,0,7,1.0,0.125,0.2222222222222222,prediction_jsonl,True
vision_only_tiled,405,test,8,1,1,0,7,1.0,0.125,0.2222222222222222,prediction_jsonl,True
vision_only_tiled,406,test,8,1,1,0,7,1.0,0.125,0.2222222222222222,prediction_jsonl,True
vision_only_tiled,407,test,8,2,2,0,6,1.0,0.25,0.4,prediction_jsonl,True
vision_only_tiled,408,test,8,2,2,0,6,1.0,0.25,0.4,prediction_jsonl,True
vision_only_tiled,409,test,8,2,2,0,6,1.0,0.25,0.4,prediction_jsonl,True
vision_only_tiled,410,test,8,2,2,0,6,1.0,0.25,0.4,prediction_jsonl,True
vision_only_tiled,411,test,8,2,2,0,6,1.0,0.25,0.4,prediction_jsonl,True
vision_only_tiled,412,test,8,2,2,0,6,1.0,0.25,0.4,prediction_jsonl,True
vision_only_tiled,413,test,8,2,2,0,6,1.0,0.25,0.4,prediction_jsonl,True
vision_only_tiled,414,test,8,1,1,0,7,1.0,0.125,0.2222222222222222,prediction_jsonl,True
vision_only_tiled,415,test,8,2,2,0,6,1.0,0.25,0.4,prediction_jsonl,True
vision_only_tiled,416,test,8,3,2,1,6,0.6666666666666666,0.25,0.36363636363636365,prediction_jsonl,True
vision_only_tiled,417,test,8,2,2,0,6,1.0,0.25,0.4,prediction_jsonl,True
vision_only_tiled,418,test,8,1,1,0,7,1.0,0.125,0.2222222222222222,prediction_jsonl,True
radar_confidence_gated,119,train,9,2,2,0,7,1.0,0.2222222222222222,0.3636363636363636,prediction_jsonl,True
radar_confidence_gated,120,train,9,2,2,0,7,1.0,0.2222222222222222,0.3636363636363636,prediction_jsonl,True
radar_confidence_gated,121,train,9,2,2,0,7,1.0,0.2222222222222222,0.3636363636363636,prediction_jsonl,True
radar_confidence_gated,122,train,9,2,2,0,7,1.0,0.2222222222222222,0.3636363636363636,prediction_jsonl,True
radar_confidence_gated,123,train,9,2,2,0,7,1.0,0.2222222222222222,0.3636363636363636,prediction_jsonl,True
radar_confidence_gated,124,train,9,2,2,0,7,1.0,0.2222222222222222,0.3636363636363636,prediction_jsonl,True
radar_confidence_gated,125,train,9,2,2,0,7,1.0,0.2222222222222222,0.3636363636363636,prediction_jsonl,True
radar_confidence_gated,126,train,9,2,2,0,7,1.0,0.2222222222222222,0.3636363636363636,prediction_jsonl,True
radar_confidence_gated,127,train,9,2,2,0,7,1.0,0.2222222222222222,0.3636363636363636,prediction_jsonl,True
radar_confidence_gated,128,train,9,2,2,0,7,1.0,0.2222222222222222,0.3636363636363636,prediction_jsonl,True
radar_confidence_gated,129,train,9,2,2,0,7,1.0,0.2222222222222222,0.3636363636363636,prediction_jsonl,True
radar_confidence_gated,130,train,9,2,2,0,7,1.0,0.2222222222222222,0.3636363636363636,prediction_jsonl,True
radar_confidence_gated,131,train,9,2,2,0,7,1.0,0.2222222222222222,0.3636363636363636,prediction_jsonl,True
radar_confidence_gated,132,train,9,2,2,0,7,1.0,0.2222222222222222,0.3636363636363636,prediction_jsonl,True
radar_confidence_gated,133,train,9,2,2,0,7,1.0,0.2222222222222222,0.3636363636363636,prediction_jsonl,True
radar_confidence_gated,134,train,9,2,2,0,7,1.0,0.2222222222222222,0.3636363636363636,prediction_jsonl,True
radar_confidence_gated,135,train,9,2,2,0,7,1.0,0.2222222222222222,0.3636363636363636,prediction_jsonl,True
radar_confidence_gated,136,train,9,2,2,0,7,1.0,0.2222222222222222,0.3636363636363636,prediction_jsonl,True
radar_confidence_gated,137,train,9,2,2,0,7,1.0,0.2222222222222222,0.3636363636363636,prediction_jsonl,True
radar_confidence_gated,138,train,9,2,2,0,7,1.0,0.2222222222222222,0.3636363636363636,prediction_jsonl,True
radar_confidence_gated,139,train,9,2,2,0,7,1.0,0.2222222222222222,0.3636363636363636,prediction_jsonl,True
radar_confidence_gated,140,train,9,2,2,0,7,1.0,0.2222222222222222,0.3636363636363636,prediction_jsonl,True
radar_confidence_gated,141,train,9,2,2,0,7,1.0,0.2222222222222222,0.3636363636363636,prediction_jsonl,True
radar_confidence_gated,142,train,9,2,2,0,7,1.0,0.2222222222222222,0.3636363636363636,prediction_jsonl,True
radar_confidence_gated,143,train,9,2,2,0,7,1.0,0.2222222222222222,0.3636363636363636,prediction_jsonl,True
radar_confidence_gated,144,train,9,2,2,0,7,1.0,0.2222222222222222,0.3636363636363636,prediction_jsonl,True
radar_confidence_gated,145,train,9,2,2,0,7,1.0,0.2222222222222222,0.3636363636363636,prediction_jsonl,True
radar_confidence_gated,146,train,9,2,2,0,7,1.0,0.2222222222222222,0.3636363636363636,prediction_jsonl,True
radar_confidence_gated,147,train,9,2,2,0,7,1.0,0.2222222222222222,0.3636363636363636,prediction_jsonl,True
radar_confidence_gated,148,train,9,2,2,0,7,1.0,0.2222222222222222,0.3636363636363636,prediction_jsonl,True
radar_confidence_gated,149,train,9,2,2,0,7,1.0,0.2222222222222222,0.3636363636363636,prediction_jsonl,True
radar_confidence_gated,150,train,9,2,2,0,7,1.0,0.2222222222222222,0.3636363636363636,prediction_jsonl,True
radar_confidence_gated,151,train,9,2,2,0,7,1.0,0.2222222222222222,0.3636363636363636,prediction_jsonl,True
radar_confidence_gated,152,train,9,2,2,0,7,1.0,0.2222222222222222,0.3636363636363636,prediction_jsonl,True
radar_confidence_gated,153,train,9,2,2,0,7,1.0,0.2222222222222222,0.3636363636363636,prediction_jsonl,True
radar_confidence_gated,154,train,9,2,2,0,7,1.0,0.2222222222222222,0.3636363636363636,prediction_jsonl,True
radar_confidence_gated,155,train,9,2,2,0,7,1.0,0.2222222222222222,0.3636363636363636,prediction_jsonl,True
radar_confidence_gated,156,train,9,2,2,0,7,1.0,0.2222222222222222,0.3636363636363636,prediction_jsonl,True
radar_confidence_gated,157,train,9,2,2,0,7,1.0,0.2222222222222222,0.3636363636363636,prediction_jsonl,True
radar_confidence_gated,158,train,9,2,2,0,7,1.0,0.2222222222222222,0.3636363636363636,prediction_jsonl,True
radar_confidence_gated,159,train,9,2,2,0,7,1.0,0.2222222222222222,0.3636363636363636,prediction_jsonl,True
radar_confidence_gated,160,train,9,2,2,0,7,1.0,0.2222222222222222,0.3636363636363636,prediction_jsonl,True
radar_confidence_gated,161,train,9,2,2,0,7,1.0,0.2222222222222222,0.3636363636363636,prediction_jsonl,True
radar_confidence_gated,162,train,9,2,2,0,7,1.0,0.2222222222222222,0.3636363636363636,prediction_jsonl,True
radar_confidence_gated,163,train,9,2,2,0,7,1.0,0.2222222222222222,0.3636363636363636,prediction_jsonl,True
radar_confidence_gated,164,train,9,2,2,0,7,1.0,0.2222222222222222,0.3636363636363636,prediction_jsonl,True
radar_confidence_gated,165,train,9,2,2,0,7,1.0,0.2222222222222222,0.3636363636363636,prediction_jsonl,True
radar_confidence_gated,166,train,9,2,2,0,7,1.0,0.2222222222222222,0.3636363636363636,prediction_jsonl,True
radar_confidence_gated,167,train,9,2,2,0,7,1.0,0.2222222222222222,0.3636363636363636,prediction_jsonl,True
radar_confidence_gated,168,train,9,2,2,0,7,1.0,0.2222222222222222,0.3636363636363636,prediction_jsonl,True
radar_confidence_gated,169,train,9,2,2,0,7,1.0,0.2222222222222222,0.3636363636363636,prediction_jsonl,True
radar_confidence_gated,170,train,9,2,2,0,7,1.0,0.2222222222222222,0.3636363636363636,prediction_jsonl,True
radar_confidence_gated,171,train,9,2,2,0,7,1.0,0.2222222222222222,0.3636363636363636,prediction_jsonl,True
radar_confidence_gated,172,train,9,1,1,0,8,1.0,0.1111111111111111,0.19999999999999998,prediction_jsonl,True
radar_confidence_gated,173,train,9,2,2,0,7,1.0,0.2222222222222222,0.3636363636363636,prediction_jsonl,True
radar_confidence_gated,174,train,9,2,2,0,7,1.0,0.2222222222222222,0.3636363636363636,prediction_jsonl,True
radar_confidence_gated,175,train,9,2,2,0,7,1.0,0.2222222222222222,0.3636363636363636,prediction_jsonl,True
radar_confidence_gated,176,train,9,2,2,0,7,1.0,0.2222222222222222,0.3636363636363636,prediction_jsonl,True
radar_confidence_gated,177,train,9,2,2,0,7,1.0,0.2222222222222222,0.3636363636363636,prediction_jsonl,True
radar_confidence_gated,178,train,9,2,2,0,7,1.0,0.2222222222222222,0.3636363636363636,prediction_jsonl,True
radar_confidence_gated,179,train,9,2,2,0,7,1.0,0.2222222222222222,0.3636363636363636,prediction_jsonl,True
radar_confidence_gated,180,train,9,2,2,0,7,1.0,0.2222222222222222,0.3636363636363636,prediction_jsonl,True
radar_confidence_gated,181,train,9,2,2,0,7,1.0,0.2222222222222222,0.3636363636363636,prediction_jsonl,True
radar_confidence_gated,182,train,9,2,2,0,7,1.0,0.2222222222222222,0.3636363636363636,prediction_jsonl,True
radar_confidence_gated,183,train,9,1,1,0,8,1.0,0.1111111111111111,0.19999999999999998,prediction_jsonl,True
radar_confidence_gated,184,train,9,2,2,0,7,1.0,0.2222222222222222,0.3636363636363636,prediction_jsonl,True
radar_confidence_gated,185,train,9,2,2,0,7,1.0,0.2222222222222222,0.3636363636363636,prediction_jsonl,True
radar_confidence_gated,186,train,9,2,2,0,7,1.0,0.2222222222222222,0.3636363636363636,prediction_jsonl,True
radar_confidence_gated,187,train,9,2,2,0,7,1.0,0.2222222222222222,0.3636363636363636,prediction_jsonl,True
radar_confidence_gated,188,train,9,2,2,0,7,1.0,0.2222222222222222,0.3636363636363636,prediction_jsonl,True
radar_confidence_gated,189,train,9,2,2,0,7,1.0,0.2222222222222222,0.3636363636363636,prediction_jsonl,True
radar_confidence_gated,190,train,9,2,2,0,7,1.0,0.2222222222222222,0.3636363636363636,prediction_jsonl,True
radar_confidence_gated,191,train,9,1,1,0,8,1.0,0.1111111111111111,0.19999999999999998,prediction_jsonl,True
radar_confidence_gated,192,train,9,2,2,0,7,1.0,0.2222222222222222,0.3636363636363636,prediction_jsonl,True
radar_confidence_gated,193,train,9,2,2,0,7,1.0,0.2222222222222222,0.3636363636363636,prediction_jsonl,True
radar_confidence_gated,194,train,9,2,2,0,7,1.0,0.2222222222222222,0.3636363636363636,prediction_jsonl,True
radar_confidence_gated,195,train,9,1,1,0,8,1.0,0.1111111111111111,0.19999999999999998,prediction_jsonl,True
radar_confidence_gated,196,train,9,2,2,0,7,1.0,0.2222222222222222,0.3636363636363636,prediction_jsonl,True
radar_confidence_gated,197,train,9,2,2,0,7,1.0,0.2222222222222222,0.3636363636363636,prediction_jsonl,True
radar_confidence_gated,198,train,9,1,1,0,8,1.0,0.1111111111111111,0.19999999999999998,prediction_jsonl,True
radar_confidence_gated,199,train,9,1,1,0,8,1.0,0.1111111111111111,0.19999999999999998,prediction_jsonl,True
radar_confidence_gated,200,train,9,2,2,0,7,1.0,0.2222222222222222,0.3636363636363636,prediction_jsonl,True
radar_confidence_gated,201,train,9,2,2,0,7,1.0,0.2222222222222222,0.3636363636363636,prediction_jsonl,True
radar_confidence_gated,202,train,9,2,2,0,7,1.0,0.2222222222222222,0.3636363636363636,prediction_jsonl,True
radar_confidence_gated,203,train,9,2,2,0,7,1.0,0.2222222222222222,0.3636363636363636,prediction_jsonl,True
radar_confidence_gated,204,train,9,2,2,0,7,1.0,0.2222222222222222,0.3636363636363636,prediction_jsonl,True
radar_confidence_gated,205,train,9,2,2,0,7,1.0,0.2222222222222222,0.3636363636363636,prediction_jsonl,True
radar_confidence_gated,206,train,9,2,2,0,7,1.0,0.2222222222222222,0.3636363636363636,prediction_jsonl,True
radar_confidence_gated,207,train,9,2,2,0,7,1.0,0.2222222222222222,0.3636363636363636,prediction_jsonl,True
radar_confidence_gated,208,train,9,2,2,0,7,1.0,0.2222222222222222,0.3636363636363636,prediction_jsonl,True
radar_confidence_gated,209,train,9,2,2,0,7,1.0,0.2222222222222222,0.3636363636363636,prediction_jsonl,True
radar_confidence_gated,210,train,9,2,2,0,7,1.0,0.2222222222222222,0.3636363636363636,prediction_jsonl,True
radar_confidence_gated,211,train,8,2,2,0,6,1.0,0.25,0.4,prediction_jsonl,True
radar_confidence_gated,212,train,8,2,2,0,6,1.0,0.25,0.4,prediction_jsonl,True
radar_confidence_gated,213,train,8,2,2,0,6,1.0,0.25,0.4,prediction_jsonl,True
radar_confidence_gated,214,train,8,2,2,0,6,1.0,0.25,0.4,prediction_jsonl,True
radar_confidence_gated,215,train,8,1,1,0,7,1.0,0.125,0.2222222222222222,prediction_jsonl,True
radar_confidence_gated,216,train,8,1,1,0,7,1.0,0.125,0.2222222222222222,prediction_jsonl,True
radar_confidence_gated,217,train,8,2,2,0,6,1.0,0.25,0.4,prediction_jsonl,True
radar_confidence_gated,218,train,8,1,1,0,7,1.0,0.125,0.2222222222222222,prediction_jsonl,True
radar_confidence_gated,219,train,8,2,2,0,6,1.0,0.25,0.4,prediction_jsonl,True
radar_confidence_gated,220,train,8,1,1,0,7,1.0,0.125,0.2222222222222222,prediction_jsonl,True
radar_confidence_gated,221,train,8,2,2,0,6,1.0,0.25,0.4,prediction_jsonl,True
radar_confidence_gated,222,train,8,2,2,0,6,1.0,0.25,0.4,prediction_jsonl,True
radar_confidence_gated,223,train,8,2,2,0,6,1.0,0.25,0.4,prediction_jsonl,True
radar_confidence_gated,224,train,8,2,2,0,6,1.0,0.25,0.4,prediction_jsonl,True
radar_confidence_gated,225,train,8,2,2,0,6,1.0,0.25,0.4,prediction_jsonl,True
radar_confidence_gated,226,train,8,2,2,0,6,1.0,0.25,0.4,prediction_jsonl,True
radar_confidence_gated,227,train,8,2,2,0,6,1.0,0.25,0.4,prediction_jsonl,True
radar_confidence_gated,228,train,8,2,2,0,6,1.0,0.25,0.4,prediction_jsonl,True
radar_confidence_gated,229,train,8,2,2,0,6,1.0,0.25,0.4,prediction_jsonl,True
radar_confidence_gated,230,train,8,2,2,0,6,1.0,0.25,0.4,prediction_jsonl,True
radar_confidence_gated,231,train,8,2,2,0,6,1.0,0.25,0.4,prediction_jsonl,True
radar_confidence_gated,232,train,8,2,2,0,6,1.0,0.25,0.4,prediction_jsonl,True
radar_confidence_gated,233,train,8,2,2,0,6,1.0,0.25,0.4,prediction_jsonl,True
radar_confidence_gated,234,train,8,1,1,0,7,1.0,0.125,0.2222222222222222,prediction_jsonl,True
radar_confidence_gated,235,train,8,2,2,0,6,1.0,0.25,0.4,prediction_jsonl,True
radar_confidence_gated,236,train,8,2,2,0,6,1.0,0.25,0.4,prediction_jsonl,True
radar_confidence_gated,237,train,8,1,1,0,7,1.0,0.125,0.2222222222222222,prediction_jsonl,True
radar_confidence_gated,238,train,8,2,2,0,6,1.0,0.25,0.4,prediction_jsonl,True
radar_confidence_gated,239,train,8,1,1,0,7,1.0,0.125,0.2222222222222222,prediction_jsonl,True
radar_confidence_gated,240,train,8,2,2,0,6,1.0,0.25,0.4,prediction_jsonl,True
radar_confidence_gated,241,train,8,2,2,0,6,1.0,0.25,0.4,prediction_jsonl,True
radar_confidence_gated,242,train,8,2,2,0,6,1.0,0.25,0.4,prediction_jsonl,True
radar_confidence_gated,243,train,8,2,2,0,6,1.0,0.25,0.4,prediction_jsonl,True
radar_confidence_gated,244,train,8,2,2,0,6,1.0,0.25,0.4,prediction_jsonl,True
radar_confidence_gated,245,train,8,2,2,0,6,1.0,0.25,0.4,prediction_jsonl,True
radar_confidence_gated,246,train,8,2,2,0,6,1.0,0.25,0.4,prediction_jsonl,True
radar_confidence_gated,247,train,8,2,2,0,6,1.0,0.25,0.4,prediction_jsonl,True
radar_confidence_gated,248,train,8,2,2,0,6,1.0,0.25,0.4,prediction_jsonl,True
radar_confidence_gated,249,train,8,3,2,1,6,0.6666666666666666,0.25,0.36363636363636365,prediction_jsonl,True
radar_confidence_gated,250,train,8,2,2,0,6,1.0,0.25,0.4,prediction_jsonl,True
radar_confidence_gated,251,train,8,2,2,0,6,1.0,0.25,0.4,prediction_jsonl,True
radar_confidence_gated,252,train,8,2,2,0,6,1.0,0.25,0.4,prediction_jsonl,True
radar_confidence_gated,253,train,8,2,2,0,6,1.0,0.25,0.4,prediction_jsonl,True
radar_confidence_gated,254,train,8,2,2,0,6,1.0,0.25,0.4,prediction_jsonl,True
radar_confidence_gated,255,train,8,2,2,0,6,1.0,0.25,0.4,prediction_jsonl,True
radar_confidence_gated,256,train,8,2,2,0,6,1.0,0.25,0.4,prediction_jsonl,True
radar_confidence_gated,257,train,8,2,2,0,6,1.0,0.25,0.4,prediction_jsonl,True
radar_confidence_gated,258,train,8,2,2,0,6,1.0,0.25,0.4,prediction_jsonl,True
radar_confidence_gated,259,train,8,2,2,0,6,1.0,0.25,0.4,prediction_jsonl,True
radar_confidence_gated,260,train,8,2,2,0,6,1.0,0.25,0.4,prediction_jsonl,True
radar_confidence_gated,261,train,8,2,2,0,6,1.0,0.25,0.4,prediction_jsonl,True
radar_confidence_gated,262,train,8,2,2,0,6,1.0,0.25,0.4,prediction_jsonl,True
radar_confidence_gated,263,train,8,2,2,0,6,1.0,0.25,0.4,prediction_jsonl,True
radar_confidence_gated,264,train,8,2,2,0,6,1.0,0.25,0.4,prediction_jsonl,True
radar_confidence_gated,265,train,8,2,2,0,6,1.0,0.25,0.4,prediction_jsonl,True
radar_confidence_gated,266,train,8,2,2,0,6,1.0,0.25,0.4,prediction_jsonl,True
radar_confidence_gated,267,train,8,2,2,0,6,1.0,0.25,0.4,prediction_jsonl,True
radar_confidence_gated,268,train,8,2,2,0,6,1.0,0.25,0.4,prediction_jsonl,True
radar_confidence_gated,269,train,8,1,1,0,7,1.0,0.125,0.2222222222222222,prediction_jsonl,True
radar_confidence_gated,270,train,8,2,2,0,6,1.0,0.25,0.4,prediction_jsonl,True
radar_confidence_gated,271,train,8,2,2,0,6,1.0,0.25,0.4,prediction_jsonl,True
radar_confidence_gated,272,train,8,2,2,0,6,1.0,0.25,0.4,prediction_jsonl,True
radar_confidence_gated,273,train,8,2,2,0,6,1.0,0.25,0.4,prediction_jsonl,True
radar_confidence_gated,274,train,8,2,2,0,6,1.0,0.25,0.4,prediction_jsonl,True
radar_confidence_gated,275,train,8,2,2,0,6,1.0,0.25,0.4,prediction_jsonl,True
radar_confidence_gated,276,train,8,2,2,0,6,1.0,0.25,0.4,prediction_jsonl,True
radar_confidence_gated,277,train,8,2,2,0,6,1.0,0.25,0.4,prediction_jsonl,True
radar_confidence_gated,278,train,8,2,2,0,6,1.0,0.25,0.4,prediction_jsonl,True
radar_confidence_gated,279,train,8,2,2,0,6,1.0,0.25,0.4,prediction_jsonl,True
radar_confidence_gated,280,train,8,2,2,0,6,1.0,0.25,0.4,prediction_jsonl,True
radar_confidence_gated,281,train,8,2,2,0,6,1.0,0.25,0.4,prediction_jsonl,True
radar_confidence_gated,282,train,8,2,2,0,6,1.0,0.25,0.4,prediction_jsonl,True
radar_confidence_gated,283,train,8,2,2,0,6,1.0,0.25,0.4,prediction_jsonl,True
radar_confidence_gated,284,train,8,2,2,0,6,1.0,0.25,0.4,prediction_jsonl,True
radar_confidence_gated,285,train,8,2,2,0,6,1.0,0.25,0.4,prediction_jsonl,True
radar_confidence_gated,286,train,8,2,2,0,6,1.0,0.25,0.4,prediction_jsonl,True
radar_confidence_gated,287,train,8,2,2,0,6,1.0,0.25,0.4,prediction_jsonl,True
radar_confidence_gated,288,train,8,2,2,0,6,1.0,0.25,0.4,prediction_jsonl,True
radar_confidence_gated,289,train,8,2,2,0,6,1.0,0.25,0.4,prediction_jsonl,True
radar_confidence_gated,290,train,8,2,2,0,6,1.0,0.25,0.4,prediction_jsonl,True
radar_confidence_gated,291,train,8,2,2,0,6,1.0,0.25,0.4,prediction_jsonl,True
radar_confidence_gated,292,train,8,2,2,0,6,1.0,0.25,0.4,prediction_jsonl,True
radar_confidence_gated,293,train,8,2,2,0,6,1.0,0.25,0.4,prediction_jsonl,True
radar_confidence_gated,294,train,8,2,2,0,6,1.0,0.25,0.4,prediction_jsonl,True
radar_confidence_gated,295,train,8,2,2,0,6,1.0,0.25,0.4,prediction_jsonl,True
radar_confidence_gated,296,train,8,2,2,0,6,1.0,0.25,0.4,prediction_jsonl,True
radar_confidence_gated,297,train,8,2,2,0,6,1.0,0.25,0.4,prediction_jsonl,True
radar_confidence_gated,298,train,8,2,2,0,6,1.0,0.25,0.4,prediction_jsonl,True
radar_confidence_gated,299,train,8,2,2,0,6,1.0,0.25,0.4,prediction_jsonl,True
radar_confidence_gated,300,train,8,2,2,0,6,1.0,0.25,0.4,prediction_jsonl,True
radar_confidence_gated,301,train,8,2,2,0,6,1.0,0.25,0.4,prediction_jsonl,True
radar_confidence_gated,302,train,8,2,2,0,6,1.0,0.25,0.4,prediction_jsonl,True
radar_confidence_gated,303,train,8,2,2,0,6,1.0,0.25,0.4,prediction_jsonl,True
radar_confidence_gated,304,train,8,2,2,0,6,1.0,0.25,0.4,prediction_jsonl,True
radar_confidence_gated,305,train,8,2,2,0,6,1.0,0.25,0.4,prediction_jsonl,True
radar_confidence_gated,306,train,8,2,2,0,6,1.0,0.25,0.4,prediction_jsonl,True
radar_confidence_gated,307,train,8,2,2,0,6,1.0,0.25,0.4,prediction_jsonl,True
radar_confidence_gated,308,train,8,2,2,0,6,1.0,0.25,0.4,prediction_jsonl,True
radar_confidence_gated,309,train,8,2,2,0,6,1.0,0.25,0.4,prediction_jsonl,True
radar_confidence_gated,310,train,8,2,2,0,6,1.0,0.25,0.4,prediction_jsonl,True
radar_confidence_gated,311,train,8,2,2,0,6,1.0,0.25,0.4,prediction_jsonl,True
radar_confidence_gated,312,train,8,2,2,0,6,1.0,0.25,0.4,prediction_jsonl,True
radar_confidence_gated,313,train,8,2,2,0,6,1.0,0.25,0.4,prediction_jsonl,True
radar_confidence_gated,314,train,8,2,2,0,6,1.0,0.25,0.4,prediction_jsonl,True
radar_confidence_gated,315,train,8,2,2,0,6,1.0,0.25,0.4,prediction_jsonl,True
radar_confidence_gated,316,train,8,2,2,0,6,1.0,0.25,0.4,prediction_jsonl,True
radar_confidence_gated,317,train,8,2,2,0,6,1.0,0.25,0.4,prediction_jsonl,True
radar_confidence_gated,318,train,8,2,2,0,6,1.0,0.25,0.4,prediction_jsonl,True
radar_confidence_gated,319,train,8,1,1,0,7,1.0,0.125,0.2222222222222222,prediction_jsonl,True
radar_confidence_gated,320,train,8,2,2,0,6,1.0,0.25,0.4,prediction_jsonl,True
radar_confidence_gated,321,train,8,1,1,0,7,1.0,0.125,0.2222222222222222,prediction_jsonl,True
radar_confidence_gated,322,train,8,2,2,0,6,1.0,0.25,0.4,prediction_jsonl,True
radar_confidence_gated,323,train,8,2,2,0,6,1.0,0.25,0.4,prediction_jsonl,True
radar_confidence_gated,324,train,8,2,2,0,6,1.0,0.25,0.4,prediction_jsonl,True
radar_confidence_gated,325,train,8,2,2,0,6,1.0,0.25,0.4,prediction_jsonl,True
radar_confidence_gated,326,train,8,2,2,0,6,1.0,0.25,0.4,prediction_jsonl,True
radar_confidence_gated,327,train,8,2,2,0,6,1.0,0.25,0.4,prediction_jsonl,True
radar_confidence_gated,328,train,8,2,2,0,6,1.0,0.25,0.4,prediction_jsonl,True
radar_confidence_gated,329,val,8,2,2,0,6,1.0,0.25,0.4,prediction_jsonl,True
radar_confidence_gated,330,val,8,2,2,0,6,1.0,0.25,0.4,prediction_jsonl,True
radar_confidence_gated,331,val,8,2,2,0,6,1.0,0.25,0.4,prediction_jsonl,True
radar_confidence_gated,332,val,8,2,2,0,6,1.0,0.25,0.4,prediction_jsonl,True
radar_confidence_gated,333,val,8,2,2,0,6,1.0,0.25,0.4,prediction_jsonl,True
radar_confidence_gated,334,val,8,2,2,0,6,1.0,0.25,0.4,prediction_jsonl,True
radar_confidence_gated,335,val,8,2,2,0,6,1.0,0.25,0.4,prediction_jsonl,True
radar_confidence_gated,336,val,8,2,2,0,6,1.0,0.25,0.4,prediction_jsonl,True
radar_confidence_gated,337,val,8,2,2,0,6,1.0,0.25,0.4,prediction_jsonl,True
radar_confidence_gated,338,val,8,2,2,0,6,1.0,0.25,0.4,prediction_jsonl,True
radar_confidence_gated,339,val,8,2,2,0,6,1.0,0.25,0.4,prediction_jsonl,True
radar_confidence_gated,340,val,8,2,2,0,6,1.0,0.25,0.4,prediction_jsonl,True
radar_confidence_gated,341,val,8,3,2,1,6,0.6666666666666666,0.25,0.36363636363636365,prediction_jsonl,True
radar_confidence_gated,342,val,8,2,2,0,6,1.0,0.25,0.4,prediction_jsonl,True
radar_confidence_gated,343,val,8,2,2,0,6,1.0,0.25,0.4,prediction_jsonl,True
radar_confidence_gated,344,val,8,2,2,0,6,1.0,0.25,0.4,prediction_jsonl,True
radar_confidence_gated,345,val,8,2,2,0,6,1.0,0.25,0.4,prediction_jsonl,True
radar_confidence_gated,346,val,8,2,2,0,6,1.0,0.25,0.4,prediction_jsonl,True
radar_confidence_gated,347,val,8,2,2,0,6,1.0,0.25,0.4,prediction_jsonl,True
radar_confidence_gated,348,val,8,2,2,0,6,1.0,0.25,0.4,prediction_jsonl,True
radar_confidence_gated,349,val,8,2,2,0,6,1.0,0.25,0.4,prediction_jsonl,True
radar_confidence_gated,350,val,8,2,2,0,6,1.0,0.25,0.4,prediction_jsonl,True
radar_confidence_gated,351,val,8,2,2,0,6,1.0,0.25,0.4,prediction_jsonl,True
radar_confidence_gated,352,val,8,2,2,0,6,1.0,0.25,0.4,prediction_jsonl,True
radar_confidence_gated,353,val,8,2,2,0,6,1.0,0.25,0.4,prediction_jsonl,True
radar_confidence_gated,354,val,8,2,2,0,6,1.0,0.25,0.4,prediction_jsonl,True
radar_confidence_gated,355,val,8,2,2,0,6,1.0,0.25,0.4,prediction_jsonl,True
radar_confidence_gated,356,val,8,2,2,0,6,1.0,0.25,0.4,prediction_jsonl,True
radar_confidence_gated,357,val,8,2,2,0,6,1.0,0.25,0.4,prediction_jsonl,True
radar_confidence_gated,358,val,8,2,2,0,6,1.0,0.25,0.4,prediction_jsonl,True
radar_confidence_gated,359,val,8,2,2,0,6,1.0,0.25,0.4,prediction_jsonl,True
radar_confidence_gated,360,val,8,2,2,0,6,1.0,0.25,0.4,prediction_jsonl,True
radar_confidence_gated,361,val,8,3,2,1,6,0.6666666666666666,0.25,0.36363636363636365,prediction_jsonl,True
radar_confidence_gated,362,val,8,2,2,0,6,1.0,0.25,0.4,prediction_jsonl,True
radar_confidence_gated,363,val,8,2,2,0,6,1.0,0.25,0.4,prediction_jsonl,True
radar_confidence_gated,364,val,8,2,2,0,6,1.0,0.25,0.4,prediction_jsonl,True
radar_confidence_gated,365,val,8,2,2,0,6,1.0,0.25,0.4,prediction_jsonl,True
radar_confidence_gated,366,val,8,2,2,0,6,1.0,0.25,0.4,prediction_jsonl,True
radar_confidence_gated,367,val,8,2,2,0,6,1.0,0.25,0.4,prediction_jsonl,True
radar_confidence_gated,368,val,8,2,2,0,6,1.0,0.25,0.4,prediction_jsonl,True
radar_confidence_gated,369,val,8,2,2,0,6,1.0,0.25,0.4,prediction_jsonl,True
radar_confidence_gated,370,val,8,2,2,0,6,1.0,0.25,0.4,prediction_jsonl,True
radar_confidence_gated,371,val,8,2,2,0,6,1.0,0.25,0.4,prediction_jsonl,True
radar_confidence_gated,372,val,8,2,2,0,6,1.0,0.25,0.4,prediction_jsonl,True
radar_confidence_gated,373,val,8,2,2,0,6,1.0,0.25,0.4,prediction_jsonl,True
radar_confidence_gated,374,test,8,2,2,0,6,1.0,0.25,0.4,prediction_jsonl,True
radar_confidence_gated,375,test,8,2,2,0,6,1.0,0.25,0.4,prediction_jsonl,True
radar_confidence_gated,376,test,8,2,2,0,6,1.0,0.25,0.4,prediction_jsonl,True
radar_confidence_gated,377,test,8,2,2,0,6,1.0,0.25,0.4,prediction_jsonl,True
radar_confidence_gated,378,test,8,2,2,0,6,1.0,0.25,0.4,prediction_jsonl,True
radar_confidence_gated,379,test,8,2,2,0,6,1.0,0.25,0.4,prediction_jsonl,True
radar_confidence_gated,380,test,8,2,2,0,6,1.0,0.25,0.4,prediction_jsonl,True
radar_confidence_gated,381,test,8,2,2,0,6,1.0,0.25,0.4,prediction_jsonl,True
radar_confidence_gated,382,test,8,2,2,0,6,1.0,0.25,0.4,prediction_jsonl,True
radar_confidence_gated,383,test,8,2,2,0,6,1.0,0.25,0.4,prediction_jsonl,True
radar_confidence_gated,384,test,8,2,2,0,6,1.0,0.25,0.4,prediction_jsonl,True
radar_confidence_gated,385,test,8,2,2,0,6,1.0,0.25,0.4,prediction_jsonl,True
radar_confidence_gated,386,test,8,2,2,0,6,1.0,0.25,0.4,prediction_jsonl,True
radar_confidence_gated,387,test,8,2,2,0,6,1.0,0.25,0.4,prediction_jsonl,True
radar_confidence_gated,388,test,8,2,2,0,6,1.0,0.25,0.4,prediction_jsonl,True
radar_confidence_gated,389,test,8,2,2,0,6,1.0,0.25,0.4,prediction_jsonl,True
radar_confidence_gated,390,test,8,1,1,0,7,1.0,0.125,0.2222222222222222,prediction_jsonl,True
radar_confidence_gated,391,test,8,1,1,0,7,1.0,0.125,0.2222222222222222,prediction_jsonl,True
radar_confidence_gated,392,test,8,1,1,0,7,1.0,0.125,0.2222222222222222,prediction_jsonl,True
radar_confidence_gated,393,test,8,2,2,0,6,1.0,0.25,0.4,prediction_jsonl,True
radar_confidence_gated,394,test,8,3,2,1,6,0.6666666666666666,0.25,0.36363636363636365,prediction_jsonl,True
radar_confidence_gated,395,test,8,3,2,1,6,0.6666666666666666,0.25,0.36363636363636365,prediction_jsonl,True
radar_confidence_gated,396,test,8,2,2,0,6,1.0,0.25,0.4,prediction_jsonl,True
radar_confidence_gated,397,test,8,1,1,0,7,1.0,0.125,0.2222222222222222,prediction_jsonl,True
radar_confidence_gated,398,test,8,1,1,0,7,1.0,0.125,0.2222222222222222,prediction_jsonl,True
radar_confidence_gated,399,test,8,2,2,0,6,1.0,0.25,0.4,prediction_jsonl,True
radar_confidence_gated,400,test,8,1,1,0,7,1.0,0.125,0.2222222222222222,prediction_jsonl,True
radar_confidence_gated,401,test,8,2,2,0,6,1.0,0.25,0.4,prediction_jsonl,True
radar_confidence_gated,402,test,8,2,2,0,6,1.0,0.25,0.4,prediction_jsonl,True
radar_confidence_gated,403,test,8,2,2,0,6,1.0,0.25,0.4,prediction_jsonl,True
radar_confidence_gated,404,test,8,2,2,0,6,1.0,0.25,0.4,prediction_jsonl,True
radar_confidence_gated,405,test,8,2,2,0,6,1.0,0.25,0.4,prediction_jsonl,True
radar_confidence_gated,406,test,8,2,2,0,6,1.0,0.25,0.4,prediction_jsonl,True
radar_confidence_gated,407,test,8,2,2,0,6,1.0,0.25,0.4,prediction_jsonl,True
radar_confidence_gated,408,test,8,2,2,0,6,1.0,0.25,0.4,prediction_jsonl,True
radar_confidence_gated,409,test,8,2,2,0,6,1.0,0.25,0.4,prediction_jsonl,True
radar_confidence_gated,410,test,8,2,2,0,6,1.0,0.25,0.4,prediction_jsonl,True
radar_confidence_gated,411,test,8,2,2,0,6,1.0,0.25,0.4,prediction_jsonl,True
radar_confidence_gated,412,test,8,3,2,1,6,0.6666666666666666,0.25,0.36363636363636365,prediction_jsonl,True
radar_confidence_gated,413,test,8,2,2,0,6,1.0,0.25,0.4,prediction_jsonl,True
radar_confidence_gated,414,test,8,2,1,1,7,0.5,0.125,0.2,prediction_jsonl,True
radar_confidence_gated,415,test,8,2,2,0,6,1.0,0.25,0.4,prediction_jsonl,True
radar_confidence_gated,416,test,8,3,2,1,6,0.6666666666666666,0.25,0.36363636363636365,prediction_jsonl,True
radar_confidence_gated,417,test,8,2,2,0,6,1.0,0.25,0.4,prediction_jsonl,True
radar_confidence_gated,418,test,8,2,2,0,6,1.0,0.25,0.4,prediction_jsonl,True
radar_bounded_crops,119,train,9,3,2,1,7,0.6666666666666666,0.2222222222222222,0.3333333333333333,prediction_jsonl,True
radar_bounded_crops,120,train,9,6,3,3,6,0.5,0.3333333333333333,0.4,prediction_jsonl,True
radar_bounded_crops,121,train,9,4,2,2,7,0.5,0.2222222222222222,0.30769230769230765,prediction_jsonl,True
radar_bounded_crops,122,train,9,5,2,3,7,0.4,0.2222222222222222,0.2857142857142857,prediction_jsonl,True
radar_bounded_crops,123,train,9,4,2,2,7,0.5,0.2222222222222222,0.30769230769230765,prediction_jsonl,True
radar_bounded_crops,124,train,9,5,2,3,7,0.4,0.2222222222222222,0.2857142857142857,prediction_jsonl,True
radar_bounded_crops,125,train,9,4,2,2,7,0.5,0.2222222222222222,0.30769230769230765,prediction_jsonl,True
radar_bounded_crops,126,train,9,4,2,2,7,0.5,0.2222222222222222,0.30769230769230765,prediction_jsonl,True
radar_bounded_crops,127,train,9,5,3,2,6,0.6,0.3333333333333333,0.42857142857142855,prediction_jsonl,True
radar_bounded_crops,128,train,9,4,2,2,7,0.5,0.2222222222222222,0.30769230769230765,prediction_jsonl,True
radar_bounded_crops,129,train,9,5,2,3,7,0.4,0.2222222222222222,0.2857142857142857,prediction_jsonl,True
radar_bounded_crops,130,train,9,5,2,3,7,0.4,0.2222222222222222,0.2857142857142857,prediction_jsonl,True
radar_bounded_crops,131,train,9,4,2,2,7,0.5,0.2222222222222222,0.30769230769230765,prediction_jsonl,True
radar_bounded_crops,132,train,9,5,3,2,6,0.6,0.3333333333333333,0.42857142857142855,prediction_jsonl,True
radar_bounded_crops,133,train,9,4,2,2,7,0.5,0.2222222222222222,0.30769230769230765,prediction_jsonl,True
radar_bounded_crops,134,train,9,3,2,1,7,0.6666666666666666,0.2222222222222222,0.3333333333333333,prediction_jsonl,True
radar_bounded_crops,135,train,9,4,2,2,7,0.5,0.2222222222222222,0.30769230769230765,prediction_jsonl,True
radar_bounded_crops,136,train,9,4,2,2,7,0.5,0.2222222222222222,0.30769230769230765,prediction_jsonl,True
radar_bounded_crops,137,train,9,3,2,1,7,0.6666666666666666,0.2222222222222222,0.3333333333333333,prediction_jsonl,True
radar_bounded_crops,138,train,9,3,2,1,7,0.6666666666666666,0.2222222222222222,0.3333333333333333,prediction_jsonl,True
radar_bounded_crops,139,train,9,3,2,1,7,0.6666666666666666,0.2222222222222222,0.3333333333333333,prediction_jsonl,True
radar_bounded_crops,140,train,9,3,2,1,7,0.6666666666666666,0.2222222222222222,0.3333333333333333,prediction_jsonl,True
radar_bounded_crops,141,train,9,3,2,1,7,0.6666666666666666,0.2222222222222222,0.3333333333333333,prediction_jsonl,True
radar_bounded_crops,142,train,9,3,2,1,7,0.6666666666666666,0.2222222222222222,0.3333333333333333,prediction_jsonl,True
radar_bounded_crops,143,train,9,3,2,1,7,0.6666666666666666,0.2222222222222222,0.3333333333333333,prediction_jsonl,True
radar_bounded_crops,144,train,9,3,2,1,7,0.6666666666666666,0.2222222222222222,0.3333333333333333,prediction_jsonl,True
radar_bounded_crops,145,train,9,3,2,1,7,0.6666666666666666,0.2222222222222222,0.3333333333333333,prediction_jsonl,True
radar_bounded_crops,146,train,9,2,2,0,7,1.0,0.2222222222222222,0.3636363636363636,prediction_jsonl,True
radar_bounded_crops,147,train,9,3,2,1,7,0.6666666666666666,0.2222222222222222,0.3333333333333333,prediction_jsonl,True
radar_bounded_crops,148,train,9,2,2,0,7,1.0,0.2222222222222222,0.3636363636363636,prediction_jsonl,True
radar_bounded_crops,149,train,9,3,2,1,7,0.6666666666666666,0.2222222222222222,0.3333333333333333,prediction_jsonl,True
radar_bounded_crops,150,train,9,2,2,0,7,1.0,0.2222222222222222,0.3636363636363636,prediction_jsonl,True
radar_bounded_crops,151,train,9,3,2,1,7,0.6666666666666666,0.2222222222222222,0.3333333333333333,prediction_jsonl,True
radar_bounded_crops,152,train,9,2,2,0,7,1.0,0.2222222222222222,0.3636363636363636,prediction_jsonl,True
radar_bounded_crops,153,train,9,2,2,0,7,1.0,0.2222222222222222,0.3636363636363636,prediction_jsonl,True
radar_bounded_crops,154,train,9,2,2,0,7,1.0,0.2222222222222222,0.3636363636363636,prediction_jsonl,True
radar_bounded_crops,155,train,9,2,2,0,7,1.0,0.2222222222222222,0.3636363636363636,prediction_jsonl,True
radar_bounded_crops,156,train,9,2,2,0,7,1.0,0.2222222222222222,0.3636363636363636,prediction_jsonl,True
radar_bounded_crops,157,train,9,2,2,0,7,1.0,0.2222222222222222,0.3636363636363636,prediction_jsonl,True
radar_bounded_crops,158,train,9,2,2,0,7,1.0,0.2222222222222222,0.3636363636363636,prediction_jsonl,True
radar_bounded_crops,159,train,9,4,2,2,7,0.5,0.2222222222222222,0.30769230769230765,prediction_jsonl,True
radar_bounded_crops,160,train,9,4,3,1,6,0.75,0.3333333333333333,0.46153846153846156,prediction_jsonl,True
radar_bounded_crops,161,train,9,5,3,2,6,0.6,0.3333333333333333,0.42857142857142855,prediction_jsonl,True
radar_bounded_crops,162,train,9,3,2,1,7,0.6666666666666666,0.2222222222222222,0.3333333333333333,prediction_jsonl,True
radar_bounded_crops,163,train,9,5,3,2,6,0.6,0.3333333333333333,0.42857142857142855,prediction_jsonl,True
radar_bounded_crops,164,train,9,4,2,2,7,0.5,0.2222222222222222,0.30769230769230765,prediction_jsonl,True
radar_bounded_crops,165,train,9,5,3,2,6,0.6,0.3333333333333333,0.42857142857142855,prediction_jsonl,True
radar_bounded_crops,166,train,9,4,2,2,7,0.5,0.2222222222222222,0.30769230769230765,prediction_jsonl,True
radar_bounded_crops,167,train,9,4,2,2,7,0.5,0.2222222222222222,0.30769230769230765,prediction_jsonl,True
radar_bounded_crops,168,train,9,5,3,2,6,0.6,0.3333333333333333,0.42857142857142855,prediction_jsonl,True
radar_bounded_crops,169,train,9,3,3,0,6,1.0,0.3333333333333333,0.5,prediction_jsonl,True
radar_bounded_crops,170,train,9,3,2,1,7,0.6666666666666666,0.2222222222222222,0.3333333333333333,prediction_jsonl,True
radar_bounded_crops,171,train,9,5,2,3,7,0.4,0.2222222222222222,0.2857142857142857,prediction_jsonl,True
radar_bounded_crops,172,train,9,2,2,0,7,1.0,0.2222222222222222,0.3636363636363636,prediction_jsonl,True
radar_bounded_crops,173,train,9,4,2,2,7,0.5,0.2222222222222222,0.30769230769230765,prediction_jsonl,True
radar_bounded_crops,174,train,9,2,2,0,7,1.0,0.2222222222222222,0.3636363636363636,prediction_jsonl,True
radar_bounded_crops,175,train,9,3,2,1,7,0.6666666666666666,0.2222222222222222,0.3333333333333333,prediction_jsonl,True
radar_bounded_crops,176,train,9,2,2,0,7,1.0,0.2222222222222222,0.3636363636363636,prediction_jsonl,True
radar_bounded_crops,177,train,9,3,2,1,7,0.6666666666666666,0.2222222222222222,0.3333333333333333,prediction_jsonl,True
radar_bounded_crops,178,train,9,3,2,1,7,0.6666666666666666,0.2222222222222222,0.3333333333333333,prediction_jsonl,True
radar_bounded_crops,179,train,9,3,2,1,7,0.6666666666666666,0.2222222222222222,0.3333333333333333,prediction_jsonl,True
radar_bounded_crops,180,train,9,3,2,1,7,0.6666666666666666,0.2222222222222222,0.3333333333333333,prediction_jsonl,True
radar_bounded_crops,181,train,9,3,3,0,6,1.0,0.3333333333333333,0.5,prediction_jsonl,True
radar_bounded_crops,182,train,9,3,2,1,7,0.6666666666666666,0.2222222222222222,0.3333333333333333,prediction_jsonl,True
radar_bounded_crops,183,train,9,3,2,1,7,0.6666666666666666,0.2222222222222222,0.3333333333333333,prediction_jsonl,True
radar_bounded_crops,184,train,9,3,2,1,7,0.6666666666666666,0.2222222222222222,0.3333333333333333,prediction_jsonl,True
radar_bounded_crops,185,train,9,4,2,2,7,0.5,0.2222222222222222,0.30769230769230765,prediction_jsonl,True
radar_bounded_crops,186,train,9,3,2,1,7,0.6666666666666666,0.2222222222222222,0.3333333333333333,prediction_jsonl,True
radar_bounded_crops,187,train,9,3,2,1,7,0.6666666666666666,0.2222222222222222,0.3333333333333333,prediction_jsonl,True
radar_bounded_crops,188,train,9,3,2,1,7,0.6666666666666666,0.2222222222222222,0.3333333333333333,prediction_jsonl,True
radar_bounded_crops,189,train,9,3,2,1,7,0.6666666666666666,0.2222222222222222,0.3333333333333333,prediction_jsonl,True
radar_bounded_crops,190,train,9,3,2,1,7,0.6666666666666666,0.2222222222222222,0.3333333333333333,prediction_jsonl,True
radar_bounded_crops,191,train,9,3,2,1,7,0.6666666666666666,0.2222222222222222,0.3333333333333333,prediction_jsonl,True
radar_bounded_crops,192,train,9,3,2,1,7,0.6666666666666666,0.2222222222222222,0.3333333333333333,prediction_jsonl,True
radar_bounded_crops,193,train,9,2,2,0,7,1.0,0.2222222222222222,0.3636363636363636,prediction_jsonl,True
radar_bounded_crops,194,train,9,3,2,1,7,0.6666666666666666,0.2222222222222222,0.3333333333333333,prediction_jsonl,True
radar_bounded_crops,195,train,9,3,2,1,7,0.6666666666666666,0.2222222222222222,0.3333333333333333,prediction_jsonl,True
radar_bounded_crops,196,train,9,3,2,1,7,0.6666666666666666,0.2222222222222222,0.3333333333333333,prediction_jsonl,True
radar_bounded_crops,197,train,9,3,2,1,7,0.6666666666666666,0.2222222222222222,0.3333333333333333,prediction_jsonl,True
radar_bounded_crops,198,train,9,4,2,2,7,0.5,0.2222222222222222,0.30769230769230765,prediction_jsonl,True
radar_bounded_crops,199,train,9,2,2,0,7,1.0,0.2222222222222222,0.3636363636363636,prediction_jsonl,True
radar_bounded_crops,200,train,9,2,2,0,7,1.0,0.2222222222222222,0.3636363636363636,prediction_jsonl,True
radar_bounded_crops,201,train,9,5,3,2,6,0.6,0.3333333333333333,0.42857142857142855,prediction_jsonl,True
radar_bounded_crops,202,train,9,3,2,1,7,0.6666666666666666,0.2222222222222222,0.3333333333333333,prediction_jsonl,True
radar_bounded_crops,203,train,9,3,3,0,6,1.0,0.3333333333333333,0.5,prediction_jsonl,True
radar_bounded_crops,204,train,9,2,2,0,7,1.0,0.2222222222222222,0.3636363636363636,prediction_jsonl,True
radar_bounded_crops,205,train,9,4,3,1,6,0.75,0.3333333333333333,0.46153846153846156,prediction_jsonl,True
radar_bounded_crops,206,train,9,2,2,0,7,1.0,0.2222222222222222,0.3636363636363636,prediction_jsonl,True
radar_bounded_crops,207,train,9,2,2,0,7,1.0,0.2222222222222222,0.3636363636363636,prediction_jsonl,True
radar_bounded_crops,208,train,9,2,2,0,7,1.0,0.2222222222222222,0.3636363636363636,prediction_jsonl,True
radar_bounded_crops,209,train,9,3,2,1,7,0.6666666666666666,0.2222222222222222,0.3333333333333333,prediction_jsonl,True
radar_bounded_crops,210,train,9,2,2,0,7,1.0,0.2222222222222222,0.3636363636363636,prediction_jsonl,True
radar_bounded_crops,211,train,8,3,2,1,6,0.6666666666666666,0.25,0.36363636363636365,prediction_jsonl,True
radar_bounded_crops,212,train,8,3,2,1,6,0.6666666666666666,0.25,0.36363636363636365,prediction_jsonl,True
radar_bounded_crops,213,train,8,3,2,1,6,0.6666666666666666,0.25,0.36363636363636365,prediction_jsonl,True
radar_bounded_crops,214,train,8,3,2,1,6,0.6666666666666666,0.25,0.36363636363636365,prediction_jsonl,True
radar_bounded_crops,215,train,8,3,2,1,6,0.6666666666666666,0.25,0.36363636363636365,prediction_jsonl,True
radar_bounded_crops,216,train,8,3,2,1,6,0.6666666666666666,0.25,0.36363636363636365,prediction_jsonl,True
radar_bounded_crops,217,train,8,4,2,2,6,0.5,0.25,0.3333333333333333,prediction_jsonl,True
radar_bounded_crops,218,train,8,3,2,1,6,0.6666666666666666,0.25,0.36363636363636365,prediction_jsonl,True
radar_bounded_crops,219,train,8,4,2,2,6,0.5,0.25,0.3333333333333333,prediction_jsonl,True
radar_bounded_crops,220,train,8,3,2,1,6,0.6666666666666666,0.25,0.36363636363636365,prediction_jsonl,True
radar_bounded_crops,221,train,8,3,2,1,6,0.6666666666666666,0.25,0.36363636363636365,prediction_jsonl,True
radar_bounded_crops,222,train,8,3,2,1,6,0.6666666666666666,0.25,0.36363636363636365,prediction_jsonl,True
radar_bounded_crops,223,train,8,2,2,0,6,1.0,0.25,0.4,prediction_jsonl,True
radar_bounded_crops,224,train,8,3,2,1,6,0.6666666666666666,0.25,0.36363636363636365,prediction_jsonl,True
radar_bounded_crops,225,train,8,3,2,1,6,0.6666666666666666,0.25,0.36363636363636365,prediction_jsonl,True
radar_bounded_crops,226,train,8,3,2,1,6,0.6666666666666666,0.25,0.36363636363636365,prediction_jsonl,True
radar_bounded_crops,227,train,8,2,2,0,6,1.0,0.25,0.4,prediction_jsonl,True
radar_bounded_crops,228,train,8,3,2,1,6,0.6666666666666666,0.25,0.36363636363636365,prediction_jsonl,True
radar_bounded_crops,229,train,8,3,2,1,6,0.6666666666666666,0.25,0.36363636363636365,prediction_jsonl,True
radar_bounded_crops,230,train,8,2,2,0,6,1.0,0.25,0.4,prediction_jsonl,True
radar_bounded_crops,231,train,8,3,2,1,6,0.6666666666666666,0.25,0.36363636363636365,prediction_jsonl,True
radar_bounded_crops,232,train,8,3,2,1,6,0.6666666666666666,0.25,0.36363636363636365,prediction_jsonl,True
radar_bounded_crops,233,train,8,3,2,1,6,0.6666666666666666,0.25,0.36363636363636365,prediction_jsonl,True
radar_bounded_crops,234,train,8,3,2,1,6,0.6666666666666666,0.25,0.36363636363636365,prediction_jsonl,True
radar_bounded_crops,235,train,8,3,2,1,6,0.6666666666666666,0.25,0.36363636363636365,prediction_jsonl,True
radar_bounded_crops,236,train,8,3,2,1,6,0.6666666666666666,0.25,0.36363636363636365,prediction_jsonl,True
radar_bounded_crops,237,train,8,3,2,1,6,0.6666666666666666,0.25,0.36363636363636365,prediction_jsonl,True
radar_bounded_crops,238,train,8,3,2,1,6,0.6666666666666666,0.25,0.36363636363636365,prediction_jsonl,True
radar_bounded_crops,239,train,8,3,2,1,6,0.6666666666666666,0.25,0.36363636363636365,prediction_jsonl,True
radar_bounded_crops,240,train,8,4,2,2,6,0.5,0.25,0.3333333333333333,prediction_jsonl,True
radar_bounded_crops,241,train,8,3,2,1,6,0.6666666666666666,0.25,0.36363636363636365,prediction_jsonl,True
radar_bounded_crops,242,train,8,2,2,0,6,1.0,0.25,0.4,prediction_jsonl,True
radar_bounded_crops,243,train,8,3,2,1,6,0.6666666666666666,0.25,0.36363636363636365,prediction_jsonl,True
radar_bounded_crops,244,train,8,2,2,0,6,1.0,0.25,0.4,prediction_jsonl,True
radar_bounded_crops,245,train,8,2,2,0,6,1.0,0.25,0.4,prediction_jsonl,True
radar_bounded_crops,246,train,8,3,2,1,6,0.6666666666666666,0.25,0.36363636363636365,prediction_jsonl,True
radar_bounded_crops,247,train,8,3,2,1,6,0.6666666666666666,0.25,0.36363636363636365,prediction_jsonl,True
radar_bounded_crops,248,train,8,3,2,1,6,0.6666666666666666,0.25,0.36363636363636365,prediction_jsonl,True
radar_bounded_crops,249,train,8,3,2,1,6,0.6666666666666666,0.25,0.36363636363636365,prediction_jsonl,True
radar_bounded_crops,250,train,8,2,2,0,6,1.0,0.25,0.4,prediction_jsonl,True
radar_bounded_crops,251,train,8,2,2,0,6,1.0,0.25,0.4,prediction_jsonl,True
radar_bounded_crops,252,train,8,2,2,0,6,1.0,0.25,0.4,prediction_jsonl,True
radar_bounded_crops,253,train,8,3,2,1,6,0.6666666666666666,0.25,0.36363636363636365,prediction_jsonl,True
radar_bounded_crops,254,train,8,4,2,2,6,0.5,0.25,0.3333333333333333,prediction_jsonl,True
radar_bounded_crops,255,train,8,3,2,1,6,0.6666666666666666,0.25,0.36363636363636365,prediction_jsonl,True
radar_bounded_crops,256,train,8,3,2,1,6,0.6666666666666666,0.25,0.36363636363636365,prediction_jsonl,True
radar_bounded_crops,257,train,8,3,2,1,6,0.6666666666666666,0.25,0.36363636363636365,prediction_jsonl,True
radar_bounded_crops,258,train,8,4,2,2,6,0.5,0.25,0.3333333333333333,prediction_jsonl,True
radar_bounded_crops,259,train,8,3,2,1,6,0.6666666666666666,0.25,0.36363636363636365,prediction_jsonl,True
radar_bounded_crops,260,train,8,2,2,0,6,1.0,0.25,0.4,prediction_jsonl,True
radar_bounded_crops,261,train,8,2,2,0,6,1.0,0.25,0.4,prediction_jsonl,True
radar_bounded_crops,262,train,8,2,2,0,6,1.0,0.25,0.4,prediction_jsonl,True
radar_bounded_crops,263,train,8,3,2,1,6,0.6666666666666666,0.25,0.36363636363636365,prediction_jsonl,True
radar_bounded_crops,264,train,8,3,2,1,6,0.6666666666666666,0.25,0.36363636363636365,prediction_jsonl,True
radar_bounded_crops,265,train,8,3,2,1,6,0.6666666666666666,0.25,0.36363636363636365,prediction_jsonl,True
radar_bounded_crops,266,train,8,3,2,1,6,0.6666666666666666,0.25,0.36363636363636365,prediction_jsonl,True
radar_bounded_crops,267,train,8,2,2,0,6,1.0,0.25,0.4,prediction_jsonl,True
radar_bounded_crops,268,train,8,3,2,1,6,0.6666666666666666,0.25,0.36363636363636365,prediction_jsonl,True
radar_bounded_crops,269,train,8,4,2,2,6,0.5,0.25,0.3333333333333333,prediction_jsonl,True
radar_bounded_crops,270,train,8,3,2,1,6,0.6666666666666666,0.25,0.36363636363636365,prediction_jsonl,True
radar_bounded_crops,271,train,8,3,2,1,6,0.6666666666666666,0.25,0.36363636363636365,prediction_jsonl,True
radar_bounded_crops,272,train,8,2,2,0,6,1.0,0.25,0.4,prediction_jsonl,True
radar_bounded_crops,273,train,8,3,2,1,6,0.6666666666666666,0.25,0.36363636363636365,prediction_jsonl,True
radar_bounded_crops,274,train,8,3,2,1,6,0.6666666666666666,0.25,0.36363636363636365,prediction_jsonl,True
radar_bounded_crops,275,train,8,4,2,2,6,0.5,0.25,0.3333333333333333,prediction_jsonl,True
radar_bounded_crops,276,train,8,4,2,2,6,0.5,0.25,0.3333333333333333,prediction_jsonl,True
radar_bounded_crops,277,train,8,4,2,2,6,0.5,0.25,0.3333333333333333,prediction_jsonl,True
radar_bounded_crops,278,train,8,4,2,2,6,0.5,0.25,0.3333333333333333,prediction_jsonl,True
radar_bounded_crops,279,train,8,4,2,2,6,0.5,0.25,0.3333333333333333,prediction_jsonl,True
radar_bounded_crops,280,train,8,3,2,1,6,0.6666666666666666,0.25,0.36363636363636365,prediction_jsonl,True
radar_bounded_crops,281,train,8,3,2,1,6,0.6666666666666666,0.25,0.36363636363636365,prediction_jsonl,True
radar_bounded_crops,282,train,8,4,2,2,6,0.5,0.25,0.3333333333333333,prediction_jsonl,True
radar_bounded_crops,283,train,8,4,2,2,6,0.5,0.25,0.3333333333333333,prediction_jsonl,True
radar_bounded_crops,284,train,8,4,2,2,6,0.5,0.25,0.3333333333333333,prediction_jsonl,True
radar_bounded_crops,285,train,8,4,2,2,6,0.5,0.25,0.3333333333333333,prediction_jsonl,True
radar_bounded_crops,286,train,8,3,2,1,6,0.6666666666666666,0.25,0.36363636363636365,prediction_jsonl,True
radar_bounded_crops,287,train,8,4,2,2,6,0.5,0.25,0.3333333333333333,prediction_jsonl,True
radar_bounded_crops,288,train,8,4,2,2,6,0.5,0.25,0.3333333333333333,prediction_jsonl,True
radar_bounded_crops,289,train,8,4,2,2,6,0.5,0.25,0.3333333333333333,prediction_jsonl,True
radar_bounded_crops,290,train,8,3,2,1,6,0.6666666666666666,0.25,0.36363636363636365,prediction_jsonl,True
radar_bounded_crops,291,train,8,4,2,2,6,0.5,0.25,0.3333333333333333,prediction_jsonl,True
radar_bounded_crops,292,train,8,4,2,2,6,0.5,0.25,0.3333333333333333,prediction_jsonl,True
radar_bounded_crops,293,train,8,4,2,2,6,0.5,0.25,0.3333333333333333,prediction_jsonl,True
radar_bounded_crops,294,train,8,3,2,1,6,0.6666666666666666,0.25,0.36363636363636365,prediction_jsonl,True
radar_bounded_crops,295,train,8,3,2,1,6,0.6666666666666666,0.25,0.36363636363636365,prediction_jsonl,True
radar_bounded_crops,296,train,8,3,2,1,6,0.6666666666666666,0.25,0.36363636363636365,prediction_jsonl,True
radar_bounded_crops,297,train,8,4,2,2,6,0.5,0.25,0.3333333333333333,prediction_jsonl,True
radar_bounded_crops,298,train,8,3,2,1,6,0.6666666666666666,0.25,0.36363636363636365,prediction_jsonl,True
radar_bounded_crops,299,train,8,2,2,0,6,1.0,0.25,0.4,prediction_jsonl,True
radar_bounded_crops,300,train,8,2,2,0,6,1.0,0.25,0.4,prediction_jsonl,True
radar_bounded_crops,301,train,8,2,2,0,6,1.0,0.25,0.4,prediction_jsonl,True
radar_bounded_crops,302,train,8,3,2,1,6,0.6666666666666666,0.25,0.36363636363636365,prediction_jsonl,True
radar_bounded_crops,303,train,8,2,2,0,6,1.0,0.25,0.4,prediction_jsonl,True
radar_bounded_crops,304,train,8,2,2,0,6,1.0,0.25,0.4,prediction_jsonl,True
radar_bounded_crops,305,train,8,4,2,2,6,0.5,0.25,0.3333333333333333,prediction_jsonl,True
radar_bounded_crops,306,train,8,4,2,2,6,0.5,0.25,0.3333333333333333,prediction_jsonl,True
radar_bounded_crops,307,train,8,3,2,1,6,0.6666666666666666,0.25,0.36363636363636365,prediction_jsonl,True
radar_bounded_crops,308,train,8,3,2,1,6,0.6666666666666666,0.25,0.36363636363636365,prediction_jsonl,True
radar_bounded_crops,309,train,8,2,2,0,6,1.0,0.25,0.4,prediction_jsonl,True
radar_bounded_crops,310,train,8,4,2,2,6,0.5,0.25,0.3333333333333333,prediction_jsonl,True
radar_bounded_crops,311,train,8,3,2,1,6,0.6666666666666666,0.25,0.36363636363636365,prediction_jsonl,True
radar_bounded_crops,312,train,8,5,2,3,6,0.4,0.25,0.3076923076923077,prediction_jsonl,True
radar_bounded_crops,313,train,8,4,2,2,6,0.5,0.25,0.3333333333333333,prediction_jsonl,True
radar_bounded_crops,314,train,8,2,2,0,6,1.0,0.25,0.4,prediction_jsonl,True
radar_bounded_crops,315,train,8,3,2,1,6,0.6666666666666666,0.25,0.36363636363636365,prediction_jsonl,True
radar_bounded_crops,316,train,8,3,2,1,6,0.6666666666666666,0.25,0.36363636363636365,prediction_jsonl,True
radar_bounded_crops,317,train,8,2,2,0,6,1.0,0.25,0.4,prediction_jsonl,True
radar_bounded_crops,318,train,8,3,2,1,6,0.6666666666666666,0.25,0.36363636363636365,prediction_jsonl,True
radar_bounded_crops,319,train,8,2,2,0,6,1.0,0.25,0.4,prediction_jsonl,True
radar_bounded_crops,320,train,8,3,2,1,6,0.6666666666666666,0.25,0.36363636363636365,prediction_jsonl,True
radar_bounded_crops,321,train,8,3,2,1,6,0.6666666666666666,0.25,0.36363636363636365,prediction_jsonl,True
radar_bounded_crops,322,train,8,3,2,1,6,0.6666666666666666,0.25,0.36363636363636365,prediction_jsonl,True
radar_bounded_crops,323,train,8,3,2,1,6,0.6666666666666666,0.25,0.36363636363636365,prediction_jsonl,True
radar_bounded_crops,324,train,8,3,2,1,6,0.6666666666666666,0.25,0.36363636363636365,prediction_jsonl,True
radar_bounded_crops,325,train,8,3,2,1,6,0.6666666666666666,0.25,0.36363636363636365,prediction_jsonl,True
radar_bounded_crops,326,train,8,2,2,0,6,1.0,0.25,0.4,prediction_jsonl,True
radar_bounded_crops,327,train,8,2,2,0,6,1.0,0.25,0.4,prediction_jsonl,True
radar_bounded_crops,328,train,8,3,2,1,6,0.6666666666666666,0.25,0.36363636363636365,prediction_jsonl,True
radar_bounded_crops,329,val,8,3,2,1,6,0.6666666666666666,0.25,0.36363636363636365,prediction_jsonl,True
radar_bounded_crops,330,val,8,3,2,1,6,0.6666666666666666,0.25,0.36363636363636365,prediction_jsonl,True
radar_bounded_crops,331,val,8,3,2,1,6,0.6666666666666666,0.25,0.36363636363636365,prediction_jsonl,True
radar_bounded_crops,332,val,8,4,2,2,6,0.5,0.25,0.3333333333333333,prediction_jsonl,True
radar_bounded_crops,333,val,8,3,2,1,6,0.6666666666666666,0.25,0.36363636363636365,prediction_jsonl,True
radar_bounded_crops,334,val,8,3,2,1,6,0.6666666666666666,0.25,0.36363636363636365,prediction_jsonl,True
radar_bounded_crops,335,val,8,3,2,1,6,0.6666666666666666,0.25,0.36363636363636365,prediction_jsonl,True
radar_bounded_crops,336,val,8,4,2,2,6,0.5,0.25,0.3333333333333333,prediction_jsonl,True
radar_bounded_crops,337,val,8,3,2,1,6,0.6666666666666666,0.25,0.36363636363636365,prediction_jsonl,True
radar_bounded_crops,338,val,8,3,2,1,6,0.6666666666666666,0.25,0.36363636363636365,prediction_jsonl,True
radar_bounded_crops,339,val,8,3,2,1,6,0.6666666666666666,0.25,0.36363636363636365,prediction_jsonl,True
radar_bounded_crops,340,val,8,3,2,1,6,0.6666666666666666,0.25,0.36363636363636365,prediction_jsonl,True
radar_bounded_crops,341,val,8,4,2,2,6,0.5,0.25,0.3333333333333333,prediction_jsonl,True
radar_bounded_crops,342,val,8,4,2,2,6,0.5,0.25,0.3333333333333333,prediction_jsonl,True
radar_bounded_crops,343,val,8,4,2,2,6,0.5,0.25,0.3333333333333333,prediction_jsonl,True
radar_bounded_crops,344,val,8,3,2,1,6,0.6666666666666666,0.25,0.36363636363636365,prediction_jsonl,True
radar_bounded_crops,345,val,8,3,2,1,6,0.6666666666666666,0.25,0.36363636363636365,prediction_jsonl,True
radar_bounded_crops,346,val,8,3,2,1,6,0.6666666666666666,0.25,0.36363636363636365,prediction_jsonl,True
radar_bounded_crops,347,val,8,3,2,1,6,0.6666666666666666,0.25,0.36363636363636365,prediction_jsonl,True
radar_bounded_crops,348,val,8,3,2,1,6,0.6666666666666666,0.25,0.36363636363636365,prediction_jsonl,True
radar_bounded_crops,349,val,8,2,2,0,6,1.0,0.25,0.4,prediction_jsonl,True
radar_bounded_crops,350,val,8,3,2,1,6,0.6666666666666666,0.25,0.36363636363636365,prediction_jsonl,True
radar_bounded_crops,351,val,8,2,2,0,6,1.0,0.25,0.4,prediction_jsonl,True
radar_bounded_crops,352,val,8,2,2,0,6,1.0,0.25,0.4,prediction_jsonl,True
radar_bounded_crops,353,val,8,3,2,1,6,0.6666666666666666,0.25,0.36363636363636365,prediction_jsonl,True
radar_bounded_crops,354,val,8,3,2,1,6,0.6666666666666666,0.25,0.36363636363636365,prediction_jsonl,True
radar_bounded_crops,355,val,8,3,2,1,6,0.6666666666666666,0.25,0.36363636363636365,prediction_jsonl,True
radar_bounded_crops,356,val,8,2,2,0,6,1.0,0.25,0.4,prediction_jsonl,True
radar_bounded_crops,357,val,8,2,2,0,6,1.0,0.25,0.4,prediction_jsonl,True
radar_bounded_crops,358,val,8,2,2,0,6,1.0,0.25,0.4,prediction_jsonl,True
radar_bounded_crops,359,val,8,3,2,1,6,0.6666666666666666,0.25,0.36363636363636365,prediction_jsonl,True
radar_bounded_crops,360,val,8,3,2,1,6,0.6666666666666666,0.25,0.36363636363636365,prediction_jsonl,True
radar_bounded_crops,361,val,8,2,2,0,6,1.0,0.25,0.4,prediction_jsonl,True
radar_bounded_crops,362,val,8,3,2,1,6,0.6666666666666666,0.25,0.36363636363636365,prediction_jsonl,True
radar_bounded_crops,363,val,8,3,2,1,6,0.6666666666666666,0.25,0.36363636363636365,prediction_jsonl,True
radar_bounded_crops,364,val,8,3,2,1,6,0.6666666666666666,0.25,0.36363636363636365,prediction_jsonl,True
radar_bounded_crops,365,val,8,3,2,1,6,0.6666666666666666,0.25,0.36363636363636365,prediction_jsonl,True
radar_bounded_crops,366,val,8,3,2,1,6,0.6666666666666666,0.25,0.36363636363636365,prediction_jsonl,True
radar_bounded_crops,367,val,8,3,2,1,6,0.6666666666666666,0.25,0.36363636363636365,prediction_jsonl,True
radar_bounded_crops,368,val,8,3,2,1,6,0.6666666666666666,0.25,0.36363636363636365,prediction_jsonl,True
radar_bounded_crops,369,val,8,3,2,1,6,0.6666666666666666,0.25,0.36363636363636365,prediction_jsonl,True
radar_bounded_crops,370,val,8,4,2,2,6,0.5,0.25,0.3333333333333333,prediction_jsonl,True
radar_bounded_crops,371,val,8,2,2,0,6,1.0,0.25,0.4,prediction_jsonl,True
radar_bounded_crops,372,val,8,3,2,1,6,0.6666666666666666,0.25,0.36363636363636365,prediction_jsonl,True
radar_bounded_crops,373,val,8,4,2,2,6,0.5,0.25,0.3333333333333333,prediction_jsonl,True
radar_bounded_crops,374,test,8,3,2,1,6,0.6666666666666666,0.25,0.36363636363636365,prediction_jsonl,True
radar_bounded_crops,375,test,8,4,2,2,6,0.5,0.25,0.3333333333333333,prediction_jsonl,True
radar_bounded_crops,376,test,8,4,2,2,6,0.5,0.25,0.3333333333333333,prediction_jsonl,True
radar_bounded_crops,377,test,8,4,2,2,6,0.5,0.25,0.3333333333333333,prediction_jsonl,True
radar_bounded_crops,378,test,8,4,2,2,6,0.5,0.25,0.3333333333333333,prediction_jsonl,True
radar_bounded_crops,379,test,8,2,2,0,6,1.0,0.25,0.4,prediction_jsonl,True
radar_bounded_crops,380,test,8,2,2,0,6,1.0,0.25,0.4,prediction_jsonl,True
radar_bounded_crops,381,test,8,2,2,0,6,1.0,0.25,0.4,prediction_jsonl,True
radar_bounded_crops,382,test,8,2,2,0,6,1.0,0.25,0.4,prediction_jsonl,True
radar_bounded_crops,383,test,8,3,2,1,6,0.6666666666666666,0.25,0.36363636363636365,prediction_jsonl,True
radar_bounded_crops,384,test,8,2,2,0,6,1.0,0.25,0.4,prediction_jsonl,True
radar_bounded_crops,385,test,8,3,2,1,6,0.6666666666666666,0.25,0.36363636363636365,prediction_jsonl,True
radar_bounded_crops,386,test,8,3,2,1,6,0.6666666666666666,0.25,0.36363636363636365,prediction_jsonl,True
radar_bounded_crops,387,test,8,2,2,0,6,1.0,0.25,0.4,prediction_jsonl,True
radar_bounded_crops,388,test,8,2,2,0,6,1.0,0.25,0.4,prediction_jsonl,True
radar_bounded_crops,389,test,8,2,2,0,6,1.0,0.25,0.4,prediction_jsonl,True
radar_bounded_crops,390,test,8,2,2,0,6,1.0,0.25,0.4,prediction_jsonl,True
radar_bounded_crops,391,test,8,3,2,1,6,0.6666666666666666,0.25,0.36363636363636365,prediction_jsonl,True
radar_bounded_crops,392,test,8,4,2,2,6,0.5,0.25,0.3333333333333333,prediction_jsonl,True
radar_bounded_crops,393,test,8,4,2,2,6,0.5,0.25,0.3333333333333333,prediction_jsonl,True
radar_bounded_crops,394,test,8,2,2,0,6,1.0,0.25,0.4,prediction_jsonl,True
radar_bounded_crops,395,test,8,2,2,0,6,1.0,0.25,0.4,prediction_jsonl,True
radar_bounded_crops,396,test,8,2,2,0,6,1.0,0.25,0.4,prediction_jsonl,True
radar_bounded_crops,397,test,8,2,2,0,6,1.0,0.25,0.4,prediction_jsonl,True
radar_bounded_crops,398,test,8,3,2,1,6,0.6666666666666666,0.25,0.36363636363636365,prediction_jsonl,True
radar_bounded_crops,399,test,8,5,2,3,6,0.4,0.25,0.3076923076923077,prediction_jsonl,True
radar_bounded_crops,400,test,8,5,2,3,6,0.4,0.25,0.3076923076923077,prediction_jsonl,True
radar_bounded_crops,401,test,8,6,2,4,6,0.3333333333333333,0.25,0.28571428571428575,prediction_jsonl,True
radar_bounded_crops,402,test,8,5,2,3,6,0.4,0.25,0.3076923076923077,prediction_jsonl,True
radar_bounded_crops,403,test,8,3,2,1,6,0.6666666666666666,0.25,0.36363636363636365,prediction_jsonl,True
radar_bounded_crops,404,test,8,4,2,2,6,0.5,0.25,0.3333333333333333,prediction_jsonl,True
radar_bounded_crops,405,test,8,5,2,3,6,0.4,0.25,0.3076923076923077,prediction_jsonl,True
radar_bounded_crops,406,test,8,6,2,4,6,0.3333333333333333,0.25,0.28571428571428575,prediction_jsonl,True
radar_bounded_crops,407,test,8,6,2,4,6,0.3333333333333333,0.25,0.28571428571428575,prediction_jsonl,True
radar_bounded_crops,408,test,8,6,2,4,6,0.3333333333333333,0.25,0.28571428571428575,prediction_jsonl,True
radar_bounded_crops,409,test,8,3,2,1,6,0.6666666666666666,0.25,0.36363636363636365,prediction_jsonl,True
radar_bounded_crops,410,test,8,3,2,1,6,0.6666666666666666,0.25,0.36363636363636365,prediction_jsonl,True
radar_bounded_crops,411,test,8,3,2,1,6,0.6666666666666666,0.25,0.36363636363636365,prediction_jsonl,True
radar_bounded_crops,412,test,8,3,2,1,6,0.6666666666666666,0.25,0.36363636363636365,prediction_jsonl,True
radar_bounded_crops,413,test,8,4,2,2,6,0.5,0.25,0.3333333333333333,prediction_jsonl,True
radar_bounded_crops,414,test,8,3,2,1,6,0.6666666666666666,0.25,0.36363636363636365,prediction_jsonl,True
radar_bounded_crops,415,test,8,3,2,1,6,0.6666666666666666,0.25,0.36363636363636365,prediction_jsonl,True
radar_bounded_crops,416,test,8,3,2,1,6,0.6666666666666666,0.25,0.36363636363636365,prediction_jsonl,True
radar_bounded_crops,417,test,8,4,2,2,6,0.5,0.25,0.3333333333333333,prediction_jsonl,True
radar_bounded_crops,418,test,8,3,2,1,6,0.6666666666666666,0.25,0.36363636363636365,prediction_jsonl,True
