method,camera_frame,window_frames,rolling_precision,rolling_recall,rolling_f1,cumulative_fp,source_mode,detail_available
radar_bounded_crops,119,1,0.6666666666666666,0.2222222222222222,0.3333333333333333,1,prediction_jsonl,True
radar_bounded_crops,120,2,0.5555555555555556,0.2777777777777778,0.3703703703703704,4,prediction_jsonl,True
radar_bounded_crops,121,3,0.5384615384615384,0.25925925925925924,0.35000000000000003,6,prediction_jsonl,True
radar_bounded_crops,122,4,0.5,0.25,0.3333333333333333,9,prediction_jsonl,True
radar_bounded_crops,123,5,0.5,0.24444444444444444,0.3283582089552239,11,prediction_jsonl,True
radar_bounded_crops,124,6,0.48148148148148145,0.24074074074074073,0.3209876543209876,14,prediction_jsonl,True
radar_bounded_crops,125,7,0.4838709677419355,0.23809523809523808,0.3191489361702127,16,prediction_jsonl,True
radar_bounded_crops,126,8,0.4857142857142857,0.2361111111111111,0.3177570093457944,18,prediction_jsonl,True
radar_bounded_crops,127,9,0.5,0.24691358024691357,0.3305785123966942,20,prediction_jsonl,True
radar_bounded_crops,128,10,0.5,0.24444444444444444,0.3283582089552239,22,prediction_jsonl,True
radar_bounded_crops,129,11,0.4897959183673469,0.24242424242424243,0.32432432432432434,25,prediction_jsonl,True
radar_bounded_crops,130,12,0.48148148148148145,0.24074074074074073,0.3209876543209876,28,prediction_jsonl,True
radar_bounded_crops,131,13,0.4827586206896552,0.23931623931623933,0.32,30,prediction_jsonl,True
radar_bounded_crops,132,14,0.49206349206349204,0.24603174603174602,0.328042328042328,32,prediction_jsonl,True
radar_bounded_crops,133,15,0.4925373134328358,0.24444444444444444,0.3267326732673267,34,prediction_jsonl,True
radar_bounded_crops,134,15,0.4925373134328358,0.24444444444444444,0.3267326732673267,35,prediction_jsonl,True
radar_bounded_crops,135,15,0.49230769230769234,0.23703703703703705,0.32,37,prediction_jsonl,True
radar_bounded_crops,136,15,0.49230769230769234,0.23703703703703705,0.32,39,prediction_jsonl,True
radar_bounded_crops,137,15,0.5079365079365079,0.23703703703703705,0.32323232323232326,40,prediction_jsonl,True
radar_bounded_crops,138,15,0.5161290322580645,0.23703703703703705,0.3248730964467005,41,prediction_jsonl,True
radar_bounded_crops,139,15,0.5333333333333333,0.23703703703703705,0.3282051282051282,42,prediction_jsonl,True
radar_bounded_crops,140,15,0.5423728813559322,0.23703703703703705,0.32989690721649484,43,prediction_jsonl,True
radar_bounded_crops,141,15,0.5517241379310345,0.23703703703703705,0.3316062176165803,44,prediction_jsonl,True
radar_bounded_crops,142,15,0.5535714285714286,0.22962962962962963,0.32460732984293195,45,prediction_jsonl,True
radar_bounded_crops,143,15,0.5636363636363636,0.22962962962962963,0.3263157894736842,46,prediction_jsonl,True
radar_bounded_crops,144,15,0.5849056603773585,0.22962962962962963,0.32978723404255317,47,prediction_jsonl,True
radar_bounded_crops,145,15,0.6078431372549019,0.22962962962962963,0.3333333333333333,48,prediction_jsonl,True
radar_bounded_crops,146,15,0.6326530612244898,0.22962962962962963,0.33695652173913043,48,prediction_jsonl,True
radar_bounded_crops,147,15,0.6382978723404256,0.2222222222222222,0.32967032967032966,49,prediction_jsonl,True
radar_bounded_crops,148,15,0.6666666666666666,0.2222222222222222,0.3333333333333333,49,prediction_jsonl,True
radar_bounded_crops,149,15,0.6666666666666666,0.2222222222222222,0.3333333333333333,50,prediction_jsonl,True
radar_bounded_crops,150,15,0.6976744186046512,0.2222222222222222,0.33707865168539325,50,prediction_jsonl,True
radar_bounded_crops,151,15,0.7142857142857143,0.2222222222222222,0.3389830508474576,51,prediction_jsonl,True
radar_bounded_crops,152,15,0.7317073170731707,0.2222222222222222,0.34090909090909094,51,prediction_jsonl,True
radar_bounded_crops,153,15,0.75,0.2222222222222222,0.34285714285714286,51,prediction_jsonl,True
radar_bounded_crops,154,15,0.7692307692307693,0.2222222222222222,0.3448275862068966,51,prediction_jsonl,True
radar_bounded_crops,155,15,0.7894736842105263,0.2222222222222222,0.3468208092485549,51,prediction_jsonl,True
radar_bounded_crops,156,15,0.8108108108108109,0.2222222222222222,0.34883720930232553,51,prediction_jsonl,True
radar_bounded_crops,157,15,0.8333333333333334,0.2222222222222222,0.3508771929824561,51,prediction_jsonl,True
radar_bounded_crops,158,15,0.8571428571428571,0.2222222222222222,0.35294117647058826,51,prediction_jsonl,True
radar_bounded_crops,159,15,0.8333333333333334,0.2222222222222222,0.3508771929824561,53,prediction_jsonl,True
radar_bounded_crops,160,15,0.8378378378378378,0.22962962962962963,0.36046511627906974,54,prediction_jsonl,True
radar_bounded_crops,161,15,0.8,0.23703703703703705,0.3657142857142857,56,prediction_jsonl,True
radar_bounded_crops,162,15,0.8,0.23703703703703705,0.3657142857142857,57,prediction_jsonl,True
radar_bounded_crops,163,15,0.7674418604651163,0.24444444444444444,0.3707865168539326,59,prediction_jsonl,True
radar_bounded_crops,164,15,0.75,0.24444444444444444,0.3687150837988826,61,prediction_jsonl,True
radar_bounded_crops,165,15,0.723404255319149,0.2518518518518518,0.3736263736263736,63,prediction_jsonl,True
radar_bounded_crops,166,15,0.7083333333333334,0.2518518518518518,0.3715846994535519,65,prediction_jsonl,True
radar_bounded_crops,167,15,0.68,0.2518518518518518,0.36756756756756753,67,prediction_jsonl,True
radar_bounded_crops,168,15,0.660377358490566,0.25925925925925924,0.3723404255319149,69,prediction_jsonl,True
radar_bounded_crops,169,15,0.6666666666666666,0.26666666666666666,0.3809523809523809,69,prediction_jsonl,True
radar_bounded_crops,170,15,0.6545454545454545,0.26666666666666666,0.37894736842105264,70,prediction_jsonl,True
radar_bounded_crops,171,15,0.6206896551724138,0.26666666666666666,0.3730569948186528,73,prediction_jsonl,True
radar_bounded_crops,172,15,0.6206896551724138,0.26666666666666666,0.3730569948186528,73,prediction_jsonl,True
radar_bounded_crops,173,15,0.6,0.26666666666666666,0.36923076923076925,75,prediction_jsonl,True
radar_bounded_crops,174,15,0.6206896551724138,0.26666666666666666,0.3730569948186528,75,prediction_jsonl,True
radar_bounded_crops,175,15,0.6140350877192983,0.25925925925925924,0.3645833333333333,76,prediction_jsonl,True
radar_bounded_crops,176,15,0.6296296296296297,0.2518518518518518,0.35978835978835977,76,prediction_jsonl,True
radar_bounded_crops,177,15,0.6296296296296297,0.2518518518518518,0.35978835978835977,77,prediction_jsonl,True
radar_bounded_crops,178,15,0.6346153846153846,0.24444444444444444,0.3529411764705882,78,prediction_jsonl,True
radar_bounded_crops,179,15,0.6470588235294118,0.24444444444444444,0.3548387096774193,79,prediction_jsonl,True
radar_bounded_crops,180,15,0.6530612244897959,0.23703703703703705,0.34782608695652173,80,prediction_jsonl,True
radar_bounded_crops,181,15,0.6875,0.24444444444444444,0.360655737704918,80,prediction_jsonl,True
radar_bounded_crops,182,15,0.7021276595744681,0.24444444444444444,0.3626373626373626,81,prediction_jsonl,True
radar_bounded_crops,183,15,0.7111111111111111,0.23703703703703705,0.35555555555555557,82,prediction_jsonl,True
radar_bounded_crops,184,15,0.6888888888888889,0.22962962962962963,0.34444444444444444,83,prediction_jsonl,True
radar_bounded_crops,185,15,0.6739130434782609,0.22962962962962963,0.3425414364640884,85,prediction_jsonl,True
radar_bounded_crops,186,15,0.7045454545454546,0.22962962962962963,0.34636871508379885,86,prediction_jsonl,True
radar_bounded_crops,187,15,0.6888888888888889,0.22962962962962963,0.34444444444444444,87,prediction_jsonl,True
radar_bounded_crops,188,15,0.7045454545454546,0.22962962962962963,0.34636871508379885,88,prediction_jsonl,True
radar_bounded_crops,189,15,0.6888888888888889,0.22962962962962963,0.34444444444444444,89,prediction_jsonl,True
radar_bounded_crops,190,15,0.6888888888888889,0.22962962962962963,0.34444444444444444,90,prediction_jsonl,True
radar_bounded_crops,191,15,0.6739130434782609,0.22962962962962963,0.3425414364640884,91,prediction_jsonl,True
radar_bounded_crops,192,15,0.6739130434782609,0.22962962962962963,0.3425414364640884,92,prediction_jsonl,True
radar_bounded_crops,193,15,0.6888888888888889,0.22962962962962963,0.34444444444444444,92,prediction_jsonl,True
radar_bounded_crops,194,15,0.6888888888888889,0.22962962962962963,0.34444444444444444,93,prediction_jsonl,True
radar_bounded_crops,195,15,0.6888888888888889,0.22962962962962963,0.34444444444444444,94,prediction_jsonl,True
radar_bounded_crops,196,15,0.6666666666666666,0.2222222222222222,0.3333333333333333,95,prediction_jsonl,True
radar_bounded_crops,197,15,0.6666666666666666,0.2222222222222222,0.3333333333333333,96,prediction_jsonl,True
radar_bounded_crops,198,15,0.6521739130434783,0.2222222222222222,0.3314917127071823,98,prediction_jsonl,True
radar_bounded_crops,199,15,0.6666666666666666,0.2222222222222222,0.3333333333333333,98,prediction_jsonl,True
radar_bounded_crops,200,15,0.6976744186046512,0.2222222222222222,0.33707865168539325,98,prediction_jsonl,True
radar_bounded_crops,201,15,0.6888888888888889,0.22962962962962963,0.34444444444444444,100,prediction_jsonl,True
radar_bounded_crops,202,15,0.6888888888888889,0.22962962962962963,0.34444444444444444,101,prediction_jsonl,True
radar_bounded_crops,203,15,0.7111111111111111,0.23703703703703705,0.35555555555555557,101,prediction_jsonl,True
radar_bounded_crops,204,15,0.7272727272727273,0.23703703703703705,0.3575418994413408,101,prediction_jsonl,True
radar_bounded_crops,205,15,0.7333333333333333,0.24444444444444444,0.36666666666666664,102,prediction_jsonl,True
radar_bounded_crops,206,15,0.75,0.24444444444444444,0.3687150837988826,102,prediction_jsonl,True
radar_bounded_crops,207,15,0.7674418604651163,0.24444444444444444,0.3707865168539326,102,prediction_jsonl,True
radar_bounded_crops,208,15,0.7674418604651163,0.24444444444444444,0.3707865168539326,102,prediction_jsonl,True
radar_bounded_crops,209,15,0.7674418604651163,0.24444444444444444,0.3707865168539326,103,prediction_jsonl,True
radar_bounded_crops,210,15,0.7857142857142857,0.24444444444444444,0.3728813559322034,103,prediction_jsonl,True
radar_bounded_crops,211,15,0.7857142857142857,0.2462686567164179,0.375,104,prediction_jsonl,True
radar_bounded_crops,212,15,0.7857142857142857,0.24812030075187969,0.3771428571428571,105,prediction_jsonl,True
radar_bounded_crops,213,15,0.8048780487804879,0.25,0.38150289017341044,106,prediction_jsonl,True
radar_bounded_crops,214,15,0.7857142857142857,0.25190839694656486,0.3815028901734104,107,prediction_jsonl,True
radar_bounded_crops,215,15,0.7674418604651163,0.25384615384615383,0.3815028901734104,108,prediction_jsonl,True
radar_bounded_crops,216,15,0.7804878048780488,0.24806201550387597,0.3764705882352941,109,prediction_jsonl,True
radar_bounded_crops,217,15,0.7619047619047619,0.25,0.3764705882352941,111,prediction_jsonl,True
radar_bounded_crops,218,15,0.7380952380952381,0.2440944881889764,0.36686390532544383,112,prediction_jsonl,True
radar_bounded_crops,219,15,0.7045454545454546,0.24603174603174602,0.36470588235294116,114,prediction_jsonl,True
radar_bounded_crops,220,15,0.6976744186046512,0.24,0.35714285714285715,115,prediction_jsonl,True
radar_bounded_crops,221,15,0.6818181818181818,0.24193548387096775,0.35714285714285715,116,prediction_jsonl,True
radar_bounded_crops,222,15,0.6666666666666666,0.24390243902439024,0.35714285714285715,117,prediction_jsonl,True
radar_bounded_crops,223,15,0.6666666666666666,0.2459016393442623,0.3592814371257485,117,prediction_jsonl,True
radar_bounded_crops,224,15,0.6666666666666666,0.24793388429752067,0.3614457831325302,118,prediction_jsonl,True
radar_bounded_crops,225,15,0.6521739130434783,0.25,0.3614457831325301,119,prediction_jsonl,True
radar_bounded_crops,226,15,0.6521739130434783,0.25,0.3614457831325301,120,prediction_jsonl,True
radar_bounded_crops,227,15,0.6666666666666666,0.25,0.36363636363636365,120,prediction_jsonl,True
radar_bounded_crops,228,15,0.6666666666666666,0.25,0.36363636363636365,121,prediction_jsonl,True
radar_bounded_crops,229,15,0.6666666666666666,0.25,0.36363636363636365,122,prediction_jsonl,True
radar_bounded_crops,230,15,0.6818181818181818,0.25,0.36585365853658536,122,prediction_jsonl,True
radar_bounded_crops,231,15,0.6818181818181818,0.25,0.36585365853658536,123,prediction_jsonl,True
radar_bounded_crops,232,15,0.6976744186046512,0.25,0.36809815950920244,124,prediction_jsonl,True
radar_bounded_crops,233,15,0.6976744186046512,0.25,0.36809815950920244,125,prediction_jsonl,True
radar_bounded_crops,234,15,0.7142857142857143,0.25,0.37037037037037035,126,prediction_jsonl,True
radar_bounded_crops,235,15,0.7142857142857143,0.25,0.37037037037037035,127,prediction_jsonl,True
radar_bounded_crops,236,15,0.7142857142857143,0.25,0.37037037037037035,128,prediction_jsonl,True
radar_bounded_crops,237,15,0.7142857142857143,0.25,0.37037037037037035,129,prediction_jsonl,True
radar_bounded_crops,238,15,0.6976744186046512,0.25,0.36809815950920244,130,prediction_jsonl,True
radar_bounded_crops,239,15,0.6976744186046512,0.25,0.36809815950920244,131,prediction_jsonl,True
radar_bounded_crops,240,15,0.6818181818181818,0.25,0.36585365853658536,133,prediction_jsonl,True
radar_bounded_crops,241,15,0.6818181818181818,0.25,0.36585365853658536,134,prediction_jsonl,True
radar_bounded_crops,242,15,0.6818181818181818,0.25,0.36585365853658536,134,prediction_jsonl,True
radar_bounded_crops,243,15,0.6818181818181818,0.25,0.36585365853658536,135,prediction_jsonl,True
radar_bounded_crops,244,15,0.6976744186046512,0.25,0.36809815950920244,135,prediction_jsonl,True
radar_bounded_crops,245,15,0.6976744186046512,0.25,0.36809815950920244,135,prediction_jsonl,True
radar_bounded_crops,246,15,0.6976744186046512,0.25,0.36809815950920244,136,prediction_jsonl,True
radar_bounded_crops,247,15,0.6976744186046512,0.25,0.36809815950920244,137,prediction_jsonl,True
radar_bounded_crops,248,15,0.6976744186046512,0.25,0.36809815950920244,138,prediction_jsonl,True
radar_bounded_crops,249,15,0.6976744186046512,0.25,0.36809815950920244,139,prediction_jsonl,True
radar_bounded_crops,250,15,0.7142857142857143,0.25,0.37037037037037035,139,prediction_jsonl,True
radar_bounded_crops,251,15,0.7317073170731707,0.25,0.37267080745341613,139,prediction_jsonl,True
radar_bounded_crops,252,15,0.75,0.25,0.375,139,prediction_jsonl,True
radar_bounded_crops,253,15,0.75,0.25,0.375,140,prediction_jsonl,True
radar_bounded_crops,254,15,0.7317073170731707,0.25,0.37267080745341613,142,prediction_jsonl,True
radar_bounded_crops,255,15,0.75,0.25,0.375,143,prediction_jsonl,True
radar_bounded_crops,256,15,0.75,0.25,0.375,144,prediction_jsonl,True
radar_bounded_crops,257,15,0.7317073170731707,0.25,0.37267080745341613,145,prediction_jsonl,True
radar_bounded_crops,258,15,0.7142857142857143,0.25,0.37037037037037035,147,prediction_jsonl,True
radar_bounded_crops,259,15,0.6976744186046512,0.25,0.36809815950920244,148,prediction_jsonl,True
radar_bounded_crops,260,15,0.6976744186046512,0.25,0.36809815950920244,148,prediction_jsonl,True
radar_bounded_crops,261,15,0.7142857142857143,0.25,0.37037037037037035,148,prediction_jsonl,True
radar_bounded_crops,262,15,0.7317073170731707,0.25,0.37267080745341613,148,prediction_jsonl,True
radar_bounded_crops,263,15,0.7317073170731707,0.25,0.37267080745341613,149,prediction_jsonl,True
radar_bounded_crops,264,15,0.7317073170731707,0.25,0.37267080745341613,150,prediction_jsonl,True
radar_bounded_crops,265,15,0.7142857142857143,0.25,0.37037037037037035,151,prediction_jsonl,True
radar_bounded_crops,266,15,0.6976744186046512,0.25,0.36809815950920244,152,prediction_jsonl,True
radar_bounded_crops,267,15,0.6976744186046512,0.25,0.36809815950920244,152,prediction_jsonl,True
radar_bounded_crops,268,15,0.6976744186046512,0.25,0.36809815950920244,153,prediction_jsonl,True
radar_bounded_crops,269,15,0.6976744186046512,0.25,0.36809815950920244,155,prediction_jsonl,True
radar_bounded_crops,270,15,0.6976744186046512,0.25,0.36809815950920244,156,prediction_jsonl,True
radar_bounded_crops,271,15,0.6976744186046512,0.25,0.36809815950920244,157,prediction_jsonl,True
radar_bounded_crops,272,15,0.7142857142857143,0.25,0.37037037037037035,157,prediction_jsonl,True
radar_bounded_crops,273,15,0.7317073170731707,0.25,0.37267080745341613,158,prediction_jsonl,True
radar_bounded_crops,274,15,0.7317073170731707,0.25,0.37267080745341613,159,prediction_jsonl,True
radar_bounded_crops,275,15,0.6976744186046512,0.25,0.36809815950920244,161,prediction_jsonl,True
radar_bounded_crops,276,15,0.6666666666666666,0.25,0.36363636363636365,163,prediction_jsonl,True
radar_bounded_crops,277,15,0.6382978723404256,0.25,0.3592814371257485,165,prediction_jsonl,True
radar_bounded_crops,278,15,0.625,0.25,0.35714285714285715,167,prediction_jsonl,True
radar_bounded_crops,279,15,0.6122448979591837,0.25,0.35502958579881655,169,prediction_jsonl,True
radar_bounded_crops,280,15,0.6122448979591837,0.25,0.35502958579881655,170,prediction_jsonl,True
radar_bounded_crops,281,15,0.6122448979591837,0.25,0.35502958579881655,171,prediction_jsonl,True
radar_bounded_crops,282,15,0.5882352941176471,0.25,0.3508771929824561,173,prediction_jsonl,True
radar_bounded_crops,283,15,0.5769230769230769,0.25,0.3488372093023256,175,prediction_jsonl,True
radar_bounded_crops,284,15,0.5769230769230769,0.25,0.3488372093023256,177,prediction_jsonl,True
radar_bounded_crops,285,15,0.5660377358490566,0.25,0.3468208092485549,179,prediction_jsonl,True
radar_bounded_crops,286,15,0.5660377358490566,0.25,0.3468208092485549,180,prediction_jsonl,True
radar_bounded_crops,287,15,0.5454545454545454,0.25,0.34285714285714286,182,prediction_jsonl,True
radar_bounded_crops,288,15,0.5357142857142857,0.25,0.3409090909090909,184,prediction_jsonl,True
radar_bounded_crops,289,15,0.5263157894736842,0.25,0.3389830508474576,186,prediction_jsonl,True
radar_bounded_crops,290,15,0.5357142857142857,0.25,0.3409090909090909,187,prediction_jsonl,True
radar_bounded_crops,291,15,0.5357142857142857,0.25,0.3409090909090909,189,prediction_jsonl,True
radar_bounded_crops,292,15,0.5357142857142857,0.25,0.3409090909090909,191,prediction_jsonl,True
radar_bounded_crops,293,15,0.5357142857142857,0.25,0.3409090909090909,193,prediction_jsonl,True
radar_bounded_crops,294,15,0.5454545454545454,0.25,0.34285714285714286,194,prediction_jsonl,True
radar_bounded_crops,295,15,0.5454545454545454,0.25,0.34285714285714286,195,prediction_jsonl,True
radar_bounded_crops,296,15,0.5454545454545454,0.25,0.34285714285714286,196,prediction_jsonl,True
radar_bounded_crops,297,15,0.5454545454545454,0.25,0.34285714285714286,198,prediction_jsonl,True
radar_bounded_crops,298,15,0.5555555555555556,0.25,0.3448275862068966,199,prediction_jsonl,True
radar_bounded_crops,299,15,0.5769230769230769,0.25,0.3488372093023256,199,prediction_jsonl,True
radar_bounded_crops,300,15,0.6,0.25,0.35294117647058826,199,prediction_jsonl,True
radar_bounded_crops,301,15,0.6122448979591837,0.25,0.35502958579881655,199,prediction_jsonl,True
radar_bounded_crops,302,15,0.625,0.25,0.35714285714285715,200,prediction_jsonl,True
radar_bounded_crops,303,15,0.6521739130434783,0.25,0.3614457831325301,200,prediction_jsonl,True
radar_bounded_crops,304,15,0.6818181818181818,0.25,0.36585365853658536,200,prediction_jsonl,True
radar_bounded_crops,305,15,0.6666666666666666,0.25,0.36363636363636365,202,prediction_jsonl,True
radar_bounded_crops,306,15,0.6666666666666666,0.25,0.36363636363636365,204,prediction_jsonl,True
radar_bounded_crops,307,15,0.6818181818181818,0.25,0.36585365853658536,205,prediction_jsonl,True
radar_bounded_crops,308,15,0.6976744186046512,0.25,0.36809815950920244,206,prediction_jsonl,True
radar_bounded_crops,309,15,0.7142857142857143,0.25,0.37037037037037035,206,prediction_jsonl,True
radar_bounded_crops,310,15,0.6976744186046512,0.25,0.36809815950920244,208,prediction_jsonl,True
radar_bounded_crops,311,15,0.6976744186046512,0.25,0.36809815950920244,209,prediction_jsonl,True
radar_bounded_crops,312,15,0.6818181818181818,0.25,0.36585365853658536,212,prediction_jsonl,True
radar_bounded_crops,313,15,0.6666666666666666,0.25,0.36363636363636365,214,prediction_jsonl,True
radar_bounded_crops,314,15,0.6666666666666666,0.25,0.36363636363636365,214,prediction_jsonl,True
radar_bounded_crops,315,15,0.6521739130434783,0.25,0.3614457831325301,215,prediction_jsonl,True
radar_bounded_crops,316,15,0.6382978723404256,0.25,0.3592814371257485,216,prediction_jsonl,True
radar_bounded_crops,317,15,0.6521739130434783,0.25,0.3614457831325301,216,prediction_jsonl,True
radar_bounded_crops,318,15,0.6382978723404256,0.25,0.3592814371257485,217,prediction_jsonl,True
radar_bounded_crops,319,15,0.6382978723404256,0.25,0.3592814371257485,217,prediction_jsonl,True
radar_bounded_crops,320,15,0.6521739130434783,0.25,0.3614457831325301,218,prediction_jsonl,True
radar_bounded_crops,321,15,0.6666666666666666,0.25,0.36363636363636365,219,prediction_jsonl,True
radar_bounded_crops,322,15,0.6666666666666666,0.25,0.36363636363636365,220,prediction_jsonl,True
radar_bounded_crops,323,15,0.6666666666666666,0.25,0.36363636363636365,221,prediction_jsonl,True
radar_bounded_crops,324,15,0.6521739130434783,0.25,0.3614457831325301,222,prediction_jsonl,True
radar_bounded_crops,325,15,0.6666666666666666,0.25,0.36363636363636365,223,prediction_jsonl,True
radar_bounded_crops,326,15,0.6818181818181818,0.25,0.36585365853658536,223,prediction_jsonl,True
radar_bounded_crops,327,15,0.7317073170731707,0.25,0.37267080745341613,223,prediction_jsonl,True
radar_bounded_crops,328,15,0.75,0.25,0.375,224,prediction_jsonl,True
radar_bounded_crops,329,15,0.7317073170731707,0.25,0.37267080745341613,225,prediction_jsonl,True
radar_bounded_crops,330,15,0.7317073170731707,0.25,0.37267080745341613,226,prediction_jsonl,True
radar_bounded_crops,331,15,0.7317073170731707,0.25,0.37267080745341613,227,prediction_jsonl,True
radar_bounded_crops,332,15,0.6976744186046512,0.25,0.36809815950920244,229,prediction_jsonl,True
radar_bounded_crops,333,15,0.6976744186046512,0.25,0.36809815950920244,230,prediction_jsonl,True
radar_bounded_crops,334,15,0.6818181818181818,0.25,0.36585365853658536,231,prediction_jsonl,True
radar_bounded_crops,335,15,0.6818181818181818,0.25,0.36585365853658536,232,prediction_jsonl,True
radar_bounded_crops,336,15,0.6666666666666666,0.25,0.36363636363636365,234,prediction_jsonl,True
radar_bounded_crops,337,15,0.6666666666666666,0.25,0.36363636363636365,235,prediction_jsonl,True
radar_bounded_crops,338,15,0.6666666666666666,0.25,0.36363636363636365,236,prediction_jsonl,True
radar_bounded_crops,339,15,0.6666666666666666,0.25,0.36363636363636365,237,prediction_jsonl,True
radar_bounded_crops,340,15,0.6666666666666666,0.25,0.36363636363636365,238,prediction_jsonl,True
radar_bounded_crops,341,15,0.6382978723404256,0.25,0.3592814371257485,240,prediction_jsonl,True
radar_bounded_crops,342,15,0.6122448979591837,0.25,0.35502958579881655,242,prediction_jsonl,True
radar_bounded_crops,343,15,0.6,0.25,0.35294117647058826,244,prediction_jsonl,True
radar_bounded_crops,344,15,0.6,0.25,0.35294117647058826,245,prediction_jsonl,True
radar_bounded_crops,345,15,0.6,0.25,0.35294117647058826,246,prediction_jsonl,True
radar_bounded_crops,346,15,0.6,0.25,0.35294117647058826,247,prediction_jsonl,True
radar_bounded_crops,347,15,0.6122448979591837,0.25,0.35502958579881655,248,prediction_jsonl,True
radar_bounded_crops,348,15,0.6122448979591837,0.25,0.35502958579881655,249,prediction_jsonl,True
radar_bounded_crops,349,15,0.625,0.25,0.35714285714285715,249,prediction_jsonl,True
radar_bounded_crops,350,15,0.625,0.25,0.35714285714285715,250,prediction_jsonl,True
radar_bounded_crops,351,15,0.6521739130434783,0.25,0.3614457831325301,250,prediction_jsonl,True
radar_bounded_crops,352,15,0.6666666666666666,0.25,0.36363636363636365,250,prediction_jsonl,True
radar_bounded_crops,353,15,0.6666666666666666,0.25,0.36363636363636365,251,prediction_jsonl,True
radar_bounded_crops,354,15,0.6666666666666666,0.25,0.36363636363636365,252,prediction_jsonl,True
radar_bounded_crops,355,15,0.6666666666666666,0.25,0.36363636363636365,253,prediction_jsonl,True
radar_bounded_crops,356,15,0.6976744186046512,0.25,0.36809815950920244,253,prediction_jsonl,True
radar_bounded_crops,357,15,0.7317073170731707,0.25,0.37267080745341613,253,prediction_jsonl,True
radar_bounded_crops,358,15,0.7692307692307693,0.25,0.37735849056603776,253,prediction_jsonl,True
radar_bounded_crops,359,15,0.7692307692307693,0.25,0.37735849056603776,254,prediction_jsonl,True
radar_bounded_crops,360,15,0.7692307692307693,0.25,0.37735849056603776,255,prediction_jsonl,True
radar_bounded_crops,361,15,0.7894736842105263,0.25,0.379746835443038,255,prediction_jsonl,True
radar_bounded_crops,362,15,0.7894736842105263,0.25,0.379746835443038,256,prediction_jsonl,True
radar_bounded_crops,363,15,0.7894736842105263,0.25,0.379746835443038,257,prediction_jsonl,True
radar_bounded_crops,364,15,0.7692307692307693,0.25,0.37735849056603776,258,prediction_jsonl,True
radar_bounded_crops,365,15,0.7692307692307693,0.25,0.37735849056603776,259,prediction_jsonl,True
radar_bounded_crops,366,15,0.75,0.25,0.375,260,prediction_jsonl,True
radar_bounded_crops,367,15,0.7317073170731707,0.25,0.37267080745341613,261,prediction_jsonl,True
radar_bounded_crops,368,15,0.7317073170731707,0.25,0.37267080745341613,262,prediction_jsonl,True
radar_bounded_crops,369,15,0.7317073170731707,0.25,0.37267080745341613,263,prediction_jsonl,True
radar_bounded_crops,370,15,0.7142857142857143,0.25,0.37037037037037035,265,prediction_jsonl,True
radar_bounded_crops,371,15,0.7142857142857143,0.25,0.37037037037037035,265,prediction_jsonl,True
radar_bounded_crops,372,15,0.6976744186046512,0.25,0.36809815950920244,266,prediction_jsonl,True
radar_bounded_crops,373,15,0.6666666666666666,0.25,0.36363636363636365,268,prediction_jsonl,True
radar_bounded_crops,374,15,0.6666666666666666,0.25,0.36363636363636365,269,prediction_jsonl,True
radar_bounded_crops,375,15,0.6521739130434783,0.25,0.3614457831325301,271,prediction_jsonl,True
radar_bounded_crops,376,15,0.625,0.25,0.35714285714285715,273,prediction_jsonl,True
radar_bounded_crops,377,15,0.6122448979591837,0.25,0.35502958579881655,275,prediction_jsonl,True
radar_bounded_crops,378,15,0.6,0.25,0.35294117647058826,277,prediction_jsonl,True
radar_bounded_crops,379,15,0.6122448979591837,0.25,0.35502958579881655,277,prediction_jsonl,True
radar_bounded_crops,380,15,0.625,0.25,0.35714285714285715,277,prediction_jsonl,True
radar_bounded_crops,381,15,0.6382978723404256,0.25,0.3592814371257485,277,prediction_jsonl,True
radar_bounded_crops,382,15,0.6521739130434783,0.25,0.3614457831325301,277,prediction_jsonl,True
radar_bounded_crops,383,15,0.6521739130434783,0.25,0.3614457831325301,278,prediction_jsonl,True
radar_bounded_crops,384,15,0.6666666666666666,0.25,0.36363636363636365,278,prediction_jsonl,True
radar_bounded_crops,385,15,0.6818181818181818,0.25,0.36585365853658536,279,prediction_jsonl,True
radar_bounded_crops,386,15,0.6666666666666666,0.25,0.36363636363636365,280,prediction_jsonl,True
radar_bounded_crops,387,15,0.6818181818181818,0.25,0.36585365853658536,280,prediction_jsonl,True
radar_bounded_crops,388,15,0.7142857142857143,0.25,0.37037037037037035,280,prediction_jsonl,True
radar_bounded_crops,389,15,0.7317073170731707,0.25,0.37267080745341613,280,prediction_jsonl,True
radar_bounded_crops,390,15,0.7692307692307693,0.25,0.37735849056603776,280,prediction_jsonl,True
radar_bounded_crops,391,15,0.7894736842105263,0.25,0.379746835443038,281,prediction_jsonl,True
radar_bounded_crops,392,15,0.7894736842105263,0.25,0.379746835443038,283,prediction_jsonl,True
radar_bounded_crops,393,15,0.7894736842105263,0.25,0.379746835443038,285,prediction_jsonl,True
radar_bounded_crops,394,15,0.7894736842105263,0.25,0.379746835443038,285,prediction_jsonl,True
radar_bounded_crops,395,15,0.7894736842105263,0.25,0.379746835443038,285,prediction_jsonl,True
radar_bounded_crops,396,15,0.7894736842105263,0.25,0.379746835443038,285,prediction_jsonl,True
radar_bounded_crops,397,15,0.7894736842105263,0.25,0.379746835443038,285,prediction_jsonl,True
radar_bounded_crops,398,15,0.7894736842105263,0.25,0.379746835443038,286,prediction_jsonl,True
radar_bounded_crops,399,15,0.7317073170731707,0.25,0.37267080745341613,289,prediction_jsonl,True
radar_bounded_crops,400,15,0.6976744186046512,0.25,0.36809815950920244,292,prediction_jsonl,True
radar_bounded_crops,401,15,0.6521739130434783,0.25,0.3614457831325301,296,prediction_jsonl,True
radar_bounded_crops,402,15,0.6122448979591837,0.25,0.35502958579881655,299,prediction_jsonl,True
radar_bounded_crops,403,15,0.6,0.25,0.35294117647058826,300,prediction_jsonl,True
radar_bounded_crops,404,15,0.5769230769230769,0.25,0.3488372093023256,302,prediction_jsonl,True
radar_bounded_crops,405,15,0.5454545454545454,0.25,0.34285714285714286,305,prediction_jsonl,True
radar_bounded_crops,406,15,0.5172413793103449,0.25,0.33707865168539325,309,prediction_jsonl,True
radar_bounded_crops,407,15,0.5,0.25,0.3333333333333333,313,prediction_jsonl,True
radar_bounded_crops,408,15,0.4838709677419355,0.25,0.32967032967032966,317,prediction_jsonl,True
radar_bounded_crops,409,15,0.47619047619047616,0.25,0.32786885245901637,318,prediction_jsonl,True
radar_bounded_crops,410,15,0.46875,0.25,0.32608695652173914,319,prediction_jsonl,True
radar_bounded_crops,411,15,0.46153846153846156,0.25,0.32432432432432434,320,prediction_jsonl,True
radar_bounded_crops,412,15,0.45454545454545453,0.25,0.3225806451612903,321,prediction_jsonl,True
radar_bounded_crops,413,15,0.44776119402985076,0.25,0.32085561497326204,323,prediction_jsonl,True
radar_bounded_crops,414,15,0.46153846153846156,0.25,0.32432432432432434,324,prediction_jsonl,True
radar_bounded_crops,415,15,0.47619047619047616,0.25,0.32786885245901637,325,prediction_jsonl,True
radar_bounded_crops,416,15,0.5,0.25,0.3333333333333333,326,prediction_jsonl,True
radar_bounded_crops,417,15,0.5084745762711864,0.25,0.33519553072625696,328,prediction_jsonl,True
radar_bounded_crops,418,15,0.5084745762711864,0.25,0.33519553072625696,329,prediction_jsonl,True
radar_confidence_gated,119,1,1.0,0.2222222222222222,0.3636363636363636,0,prediction_jsonl,True
radar_confidence_gated,120,2,1.0,0.2222222222222222,0.3636363636363636,0,prediction_jsonl,True
radar_confidence_gated,121,3,1.0,0.2222222222222222,0.3636363636363636,0,prediction_jsonl,True
radar_confidence_gated,122,4,1.0,0.2222222222222222,0.3636363636363636,0,prediction_jsonl,True
radar_confidence_gated,123,5,1.0,0.2222222222222222,0.3636363636363636,0,prediction_jsonl,True
radar_confidence_gated,124,6,1.0,0.2222222222222222,0.3636363636363636,0,prediction_jsonl,True
radar_confidence_gated,125,7,1.0,0.2222222222222222,0.3636363636363636,0,prediction_jsonl,True
radar_confidence_gated,126,8,1.0,0.2222222222222222,0.3636363636363636,0,prediction_jsonl,True
radar_confidence_gated,127,9,1.0,0.2222222222222222,0.3636363636363636,0,prediction_jsonl,True
radar_confidence_gated,128,10,1.0,0.2222222222222222,0.3636363636363636,0,prediction_jsonl,True
radar_confidence_gated,129,11,1.0,0.2222222222222222,0.3636363636363636,0,prediction_jsonl,True
radar_confidence_gated,130,12,1.0,0.2222222222222222,0.3636363636363636,0,prediction_jsonl,True
radar_confidence_gated,131,13,1.0,0.2222222222222222,0.3636363636363636,0,prediction_jsonl,True
radar_confidence_gated,132,14,1.0,0.2222222222222222,0.3636363636363636,0,prediction_jsonl,True
radar_confidence_gated,133,15,1.0,0.2222222222222222,0.3636363636363636,0,prediction_jsonl,True
radar_confidence_gated,134,15,1.0,0.2222222222222222,0.3636363636363636,0,prediction_jsonl,True
radar_confidence_gated,135,15,1.0,0.2222222222222222,0.3636363636363636,0,prediction_jsonl,True
radar_confidence_gated,136,15,1.0,0.2222222222222222,0.3636363636363636,0,prediction_jsonl,True
radar_confidence_gated,137,15,1.0,0.2222222222222222,0.3636363636363636,0,prediction_jsonl,True
radar_confidence_gated,138,15,1.0,0.2222222222222222,0.3636363636363636,0,prediction_jsonl,True
radar_confidence_gated,139,15,1.0,0.2222222222222222,0.3636363636363636,0,prediction_jsonl,True
radar_confidence_gated,140,15,1.0,0.2222222222222222,0.3636363636363636,0,prediction_jsonl,True
radar_confidence_gated,141,15,1.0,0.2222222222222222,0.3636363636363636,0,prediction_jsonl,True
radar_confidence_gated,142,15,1.0,0.2222222222222222,0.3636363636363636,0,prediction_jsonl,True
radar_confidence_gated,143,15,1.0,0.2222222222222222,0.3636363636363636,0,prediction_jsonl,True
radar_confidence_gated,144,15,1.0,0.2222222222222222,0.3636363636363636,0,prediction_jsonl,True
radar_confidence_gated,145,15,1.0,0.2222222222222222,0.3636363636363636,0,prediction_jsonl,True
radar_confidence_gated,146,15,1.0,0.2222222222222222,0.3636363636363636,0,prediction_jsonl,True
radar_confidence_gated,147,15,1.0,0.2222222222222222,0.3636363636363636,0,prediction_jsonl,True
radar_confidence_gated,148,15,1.0,0.2222222222222222,0.3636363636363636,0,prediction_jsonl,True
radar_confidence_gated,149,15,1.0,0.2222222222222222,0.3636363636363636,0,prediction_jsonl,True
radar_confidence_gated,150,15,1.0,0.2222222222222222,0.3636363636363636,0,prediction_jsonl,True
radar_confidence_gated,151,15,1.0,0.2222222222222222,0.3636363636363636,0,prediction_jsonl,True
radar_confidence_gated,152,15,1.0,0.2222222222222222,0.3636363636363636,0,prediction_jsonl,True
radar_confidence_gated,153,15,1.0,0.2222222222222222,0.3636363636363636,0,prediction_jsonl,True
radar_confidence_gated,154,15,1.0,0.2222222222222222,0.3636363636363636,0,prediction_jsonl,True
radar_confidence_gated,155,15,1.0,0.2222222222222222,0.3636363636363636,0,prediction_jsonl,True
radar_confidence_gated,156,15,1.0,0.2222222222222222,0.3636363636363636,0,prediction_jsonl,True
radar_confidence_gated,157,15,1.0,0.2222222222222222,0.3636363636363636,0,prediction_jsonl,True
radar_confidence_gated,158,15,1.0,0.2222222222222222,0.3636363636363636,0,prediction_jsonl,True
radar_confidence_gated,159,15,1.0,0.2222222222222222,0.3636363636363636,0,prediction_jsonl,True
radar_confidence_gated,160,15,1.0,0.2222222222222222,0.3636363636363636,0,prediction_jsonl,True
radar_confidence_gated,161,15,1.0,0.2222222222222222,0.3636363636363636,0,prediction_jsonl,True
radar_confidence_gated,162,15,1.0,0.2222222222222222,0.3636363636363636,0,prediction_jsonl,True
radar_confidence_gated,163,15,1.0,0.2222222222222222,0.3636363636363636,0,prediction_jsonl,True
radar_confidence_gated,164,15,1.0,0.2222222222222222,0.3636363636363636,0,prediction_jsonl,True
radar_confidence_gated,165,15,1.0,0.2222222222222222,0.3636363636363636,0,prediction_jsonl,True
radar_confidence_gated,166,15,1.0,0.2222222222222222,0.3636363636363636,0,prediction_jsonl,True
radar_confidence_gated,167,15,1.0,0.2222222222222222,0.3636363636363636,0,prediction_jsonl,True
radar_confidence_gated,168,15,1.0,0.2222222222222222,0.3636363636363636,0,prediction_jsonl,True
radar_confidence_gated,169,15,1.0,0.2222222222222222,0.3636363636363636,0,prediction_jsonl,True
radar_confidence_gated,170,15,1.0,0.2222222222222222,0.3636363636363636,0,prediction_jsonl,True
radar_confidence_gated,171,15,1.0,0.2222222222222222,0.3636363636363636,0,prediction_jsonl,True
radar_confidence_gated,172,15,1.0,0.21481481481481482,0.3536585365853659,0,prediction_jsonl,True
radar_confidence_gated,173,15,1.0,0.21481481481481482,0.3536585365853659,0,prediction_jsonl,True
radar_confidence_gated,174,15,1.0,0.21481481481481482,0.3536585365853659,0,prediction_jsonl,True
radar_confidence_gated,175,15,1.0,0.21481481481481482,0.3536585365853659,0,prediction_jsonl,True
radar_confidence_gated,176,15,1.0,0.21481481481481482,0.3536585365853659,0,prediction_jsonl,True
radar_confidence_gated,177,15,1.0,0.21481481481481482,0.3536585365853659,0,prediction_jsonl,True
radar_confidence_gated,178,15,1.0,0.21481481481481482,0.3536585365853659,0,prediction_jsonl,True
radar_confidence_gated,179,15,1.0,0.21481481481481482,0.3536585365853659,0,prediction_jsonl,True
radar_confidence_gated,180,15,1.0,0.21481481481481482,0.3536585365853659,0,prediction_jsonl,True
radar_confidence_gated,181,15,1.0,0.21481481481481482,0.3536585365853659,0,prediction_jsonl,True
radar_confidence_gated,182,15,1.0,0.21481481481481482,0.3536585365853659,0,prediction_jsonl,True
radar_confidence_gated,183,15,1.0,0.2074074074074074,0.3435582822085889,0,prediction_jsonl,True
radar_confidence_gated,184,15,1.0,0.2074074074074074,0.3435582822085889,0,prediction_jsonl,True
radar_confidence_gated,185,15,1.0,0.2074074074074074,0.3435582822085889,0,prediction_jsonl,True
radar_confidence_gated,186,15,1.0,0.2074074074074074,0.3435582822085889,0,prediction_jsonl,True
radar_confidence_gated,187,15,1.0,0.21481481481481482,0.3536585365853659,0,prediction_jsonl,True
radar_confidence_gated,188,15,1.0,0.21481481481481482,0.3536585365853659,0,prediction_jsonl,True
radar_confidence_gated,189,15,1.0,0.21481481481481482,0.3536585365853659,0,prediction_jsonl,True
radar_confidence_gated,190,15,1.0,0.21481481481481482,0.3536585365853659,0,prediction_jsonl,True
radar_confidence_gated,191,15,1.0,0.2074074074074074,0.3435582822085889,0,prediction_jsonl,True
radar_confidence_gated,192,15,1.0,0.2074074074074074,0.3435582822085889,0,prediction_jsonl,True
radar_confidence_gated,193,15,1.0,0.2074074074074074,0.3435582822085889,0,prediction_jsonl,True
radar_confidence_gated,194,15,1.0,0.2074074074074074,0.3435582822085889,0,prediction_jsonl,True
radar_confidence_gated,195,15,1.0,0.2,0.33333333333333337,0,prediction_jsonl,True
radar_confidence_gated,196,15,1.0,0.2,0.33333333333333337,0,prediction_jsonl,True
radar_confidence_gated,197,15,1.0,0.2,0.33333333333333337,0,prediction_jsonl,True
radar_confidence_gated,198,15,1.0,0.2,0.33333333333333337,0,prediction_jsonl,True
radar_confidence_gated,199,15,1.0,0.1925925925925926,0.32298136645962733,0,prediction_jsonl,True
radar_confidence_gated,200,15,1.0,0.1925925925925926,0.32298136645962733,0,prediction_jsonl,True
radar_confidence_gated,201,15,1.0,0.1925925925925926,0.32298136645962733,0,prediction_jsonl,True
radar_confidence_gated,202,15,1.0,0.1925925925925926,0.32298136645962733,0,prediction_jsonl,True
radar_confidence_gated,203,15,1.0,0.1925925925925926,0.32298136645962733,0,prediction_jsonl,True
radar_confidence_gated,204,15,1.0,0.1925925925925926,0.32298136645962733,0,prediction_jsonl,True
radar_confidence_gated,205,15,1.0,0.1925925925925926,0.32298136645962733,0,prediction_jsonl,True
radar_confidence_gated,206,15,1.0,0.2,0.33333333333333337,0,prediction_jsonl,True
radar_confidence_gated,207,15,1.0,0.2,0.33333333333333337,0,prediction_jsonl,True
radar_confidence_gated,208,15,1.0,0.2,0.33333333333333337,0,prediction_jsonl,True
radar_confidence_gated,209,15,1.0,0.2,0.33333333333333337,0,prediction_jsonl,True
radar_confidence_gated,210,15,1.0,0.2074074074074074,0.3435582822085889,0,prediction_jsonl,True
radar_confidence_gated,211,15,1.0,0.208955223880597,0.345679012345679,0,prediction_jsonl,True
radar_confidence_gated,212,15,1.0,0.21052631578947367,0.34782608695652173,0,prediction_jsonl,True
radar_confidence_gated,213,15,1.0,0.2196969696969697,0.36024844720496896,0,prediction_jsonl,True
radar_confidence_gated,214,15,1.0,0.22900763358778625,0.37267080745341613,0,prediction_jsonl,True
radar_confidence_gated,215,15,1.0,0.2230769230769231,0.36477987421383645,0,prediction_jsonl,True
radar_confidence_gated,216,15,1.0,0.21705426356589147,0.356687898089172,0,prediction_jsonl,True
radar_confidence_gated,217,15,1.0,0.21875,0.358974358974359,0,prediction_jsonl,True
radar_confidence_gated,218,15,1.0,0.2125984251968504,0.35064935064935066,0,prediction_jsonl,True
radar_confidence_gated,219,15,1.0,0.21428571428571427,0.35294117647058826,0,prediction_jsonl,True
radar_confidence_gated,220,15,1.0,0.208,0.3443708609271523,0,prediction_jsonl,True
radar_confidence_gated,221,15,1.0,0.20967741935483872,0.3466666666666667,0,prediction_jsonl,True
radar_confidence_gated,222,15,1.0,0.21138211382113822,0.348993288590604,0,prediction_jsonl,True
radar_confidence_gated,223,15,1.0,0.21311475409836064,0.3513513513513513,0,prediction_jsonl,True
radar_confidence_gated,224,15,1.0,0.21487603305785125,0.35374149659863946,0,prediction_jsonl,True
radar_confidence_gated,225,15,1.0,0.21666666666666667,0.3561643835616438,0,prediction_jsonl,True
radar_confidence_gated,226,15,1.0,0.21666666666666667,0.3561643835616438,0,prediction_jsonl,True
radar_confidence_gated,227,15,1.0,0.21666666666666667,0.3561643835616438,0,prediction_jsonl,True
radar_confidence_gated,228,15,1.0,0.21666666666666667,0.3561643835616438,0,prediction_jsonl,True
radar_confidence_gated,229,15,1.0,0.21666666666666667,0.3561643835616438,0,prediction_jsonl,True
radar_confidence_gated,230,15,1.0,0.225,0.36734693877551017,0,prediction_jsonl,True
radar_confidence_gated,231,15,1.0,0.23333333333333334,0.37837837837837834,0,prediction_jsonl,True
radar_confidence_gated,232,15,1.0,0.23333333333333334,0.37837837837837834,0,prediction_jsonl,True
radar_confidence_gated,233,15,1.0,0.24166666666666667,0.38926174496644295,0,prediction_jsonl,True
radar_confidence_gated,234,15,1.0,0.23333333333333334,0.37837837837837834,0,prediction_jsonl,True
radar_confidence_gated,235,15,1.0,0.24166666666666667,0.38926174496644295,0,prediction_jsonl,True
radar_confidence_gated,236,15,1.0,0.24166666666666667,0.38926174496644295,0,prediction_jsonl,True
radar_confidence_gated,237,15,1.0,0.23333333333333334,0.37837837837837834,0,prediction_jsonl,True
radar_confidence_gated,238,15,1.0,0.23333333333333334,0.37837837837837834,0,prediction_jsonl,True
radar_confidence_gated,239,15,1.0,0.225,0.36734693877551017,0,prediction_jsonl,True
radar_confidence_gated,240,15,1.0,0.225,0.36734693877551017,0,prediction_jsonl,True
radar_confidence_gated,241,15,1.0,0.225,0.36734693877551017,0,prediction_jsonl,True
radar_confidence_gated,242,15,1.0,0.225,0.36734693877551017,0,prediction_jsonl,True
radar_confidence_gated,243,15,1.0,0.225,0.36734693877551017,0,prediction_jsonl,True
radar_confidence_gated,244,15,1.0,0.225,0.36734693877551017,0,prediction_jsonl,True
radar_confidence_gated,245,15,1.0,0.225,0.36734693877551017,0,prediction_jsonl,True
radar_confidence_gated,246,15,1.0,0.225,0.36734693877551017,0,prediction_jsonl,True
radar_confidence_gated,247,15,1.0,0.225,0.36734693877551017,0,prediction_jsonl,True
radar_confidence_gated,248,15,1.0,0.225,0.36734693877551017,0,prediction_jsonl,True
radar_confidence_gated,249,15,0.9655172413793104,0.23333333333333334,0.3758389261744967,1,prediction_jsonl,True
radar_confidence_gated,250,15,0.9655172413793104,0.23333333333333334,0.3758389261744967,1,prediction_jsonl,True
radar_confidence_gated,251,15,0.9655172413793104,0.23333333333333334,0.3758389261744967,1,prediction_jsonl,True
radar_confidence_gated,252,15,0.9666666666666667,0.24166666666666667,0.38666666666666666,1,prediction_jsonl,True
radar_confidence_gated,253,15,0.9666666666666667,0.24166666666666667,0.38666666666666666,1,prediction_jsonl,True
radar_confidence_gated,254,15,0.967741935483871,0.25,0.3973509933774834,1,prediction_jsonl,True
radar_confidence_gated,255,15,0.967741935483871,0.25,0.3973509933774834,1,prediction_jsonl,True
radar_confidence_gated,256,15,0.967741935483871,0.25,0.3973509933774834,1,prediction_jsonl,True
radar_confidence_gated,257,15,0.967741935483871,0.25,0.3973509933774834,1,prediction_jsonl,True
radar_confidence_gated,258,15,0.967741935483871,0.25,0.3973509933774834,1,prediction_jsonl,True
radar_confidence_gated,259,15,0.967741935483871,0.25,0.3973509933774834,1,prediction_jsonl,True
radar_confidence_gated,260,15,0.967741935483871,0.25,0.3973509933774834,1,prediction_jsonl,True
radar_confidence_gated,261,15,0.967741935483871,0.25,0.3973509933774834,1,prediction_jsonl,True
radar_confidence_gated,262,15,0.967741935483871,0.25,0.3973509933774834,1,prediction_jsonl,True
radar_confidence_gated,263,15,0.967741935483871,0.25,0.3973509933774834,1,prediction_jsonl,True
radar_confidence_gated,264,15,1.0,0.25,0.4,1,prediction_jsonl,True
radar_confidence_gated,265,15,1.0,0.25,0.4,1,prediction_jsonl,True
radar_confidence_gated,266,15,1.0,0.25,0.4,1,prediction_jsonl,True
radar_confidence_gated,267,15,1.0,0.25,0.4,1,prediction_jsonl,True
radar_confidence_gated,268,15,1.0,0.25,0.4,1,prediction_jsonl,True
radar_confidence_gated,269,15,1.0,0.24166666666666667,0.38926174496644295,1,prediction_jsonl,True
radar_confidence_gated,270,15,1.0,0.24166666666666667,0.38926174496644295,1,prediction_jsonl,True
radar_confidence_gated,271,15,1.0,0.24166666666666667,0.38926174496644295,1,prediction_jsonl,True
radar_confidence_gated,272,15,1.0,0.24166666666666667,0.38926174496644295,1,prediction_jsonl,True
radar_confidence_gated,273,15,1.0,0.24166666666666667,0.38926174496644295,1,prediction_jsonl,True
radar_confidence_gated,274,15,1.0,0.24166666666666667,0.38926174496644295,1,prediction_jsonl,True
radar_confidence_gated,275,15,1.0,0.24166666666666667,0.38926174496644295,1,prediction_jsonl,True
radar_confidence_gated,276,15,1.0,0.24166666666666667,0.38926174496644295,1,prediction_jsonl,True
radar_confidence_gated,277,15,1.0,0.24166666666666667,0.38926174496644295,1,prediction_jsonl,True
radar_confidence_gated,278,15,1.0,0.24166666666666667,0.38926174496644295,1,prediction_jsonl,True
radar_confidence_gated,279,15,1.0,0.24166666666666667,0.38926174496644295,1,prediction_jsonl,True
radar_confidence_gated,280,15,1.0,0.24166666666666667,0.38926174496644295,1,prediction_jsonl,True
radar_confidence_gated,281,15,1.0,0.24166666666666667,0.38926174496644295,1,prediction_jsonl,True
radar_confidence_gated,282,15,1.0,0.24166666666666667,0.38926174496644295,1,prediction_jsonl,True
radar_confidence_gated,283,15,1.0,0.24166666666666667,0.38926174496644295,1,prediction_jsonl,True
radar_confidence_gated,284,15,1.0,0.25,0.4,1,prediction_jsonl,True
radar_confidence_gated,285,15,1.0,0.25,0.4,1,prediction_jsonl,True
radar_confidence_gated,286,15,1.0,0.25,0.4,1,prediction_jsonl,True
radar_confidence_gated,287,15,1.0,0.25,0.4,1,prediction_jsonl,True
radar_confidence_gated,288,15,1.0,0.25,0.4,1,prediction_jsonl,True
radar_confidence_gated,289,15,1.0,0.25,0.4,1,prediction_jsonl,True
radar_confidence_gated,290,15,1.0,0.25,0.4,1,prediction_jsonl,True
radar_confidence_gated,291,15,1.0,0.25,0.4,1,prediction_jsonl,True
radar_confidence_gated,292,15,1.0,0.25,0.4,1,prediction_jsonl,True
radar_confidence_gated,293,15,1.0,0.25,0.4,1,prediction_jsonl,True
radar_confidence_gated,294,15,1.0,0.25,0.4,1,prediction_jsonl,True
radar_confidence_gated,295,15,1.0,0.25,0.4,1,prediction_jsonl,True
radar_confidence_gated,296,15,1.0,0.25,0.4,1,prediction_jsonl,True
radar_confidence_gated,297,15,1.0,0.25,0.4,1,prediction_jsonl,True
radar_confidence_gated,298,15,1.0,0.25,0.4,1,prediction_jsonl,True
radar_confidence_gated,299,15,1.0,0.25,0.4,1,prediction_jsonl,True
radar_confidence_gated,300,15,1.0,0.25,0.4,1,prediction_jsonl,True
radar_confidence_gated,301,15,1.0,0.25,0.4,1,prediction_jsonl,True
radar_confidence_gated,302,15,1.0,0.25,0.4,1,prediction_jsonl,True
radar_confidence_gated,303,15,1.0,0.25,0.4,1,prediction_jsonl,True
radar_confidence_gated,304,15,1.0,0.25,0.4,1,prediction_jsonl,True
radar_confidence_gated,305,15,1.0,0.25,0.4,1,prediction_jsonl,True
radar_confidence_gated,306,15,1.0,0.25,0.4,1,prediction_jsonl,True
radar_confidence_gated,307,15,1.0,0.25,0.4,1,prediction_jsonl,True
radar_confidence_gated,308,15,1.0,0.25,0.4,1,prediction_jsonl,True
radar_confidence_gated,309,15,1.0,0.25,0.4,1,prediction_jsonl,True
radar_confidence_gated,310,15,1.0,0.25,0.4,1,prediction_jsonl,True
radar_confidence_gated,311,15,1.0,0.25,0.4,1,prediction_jsonl,True
radar_confidence_gated,312,15,1.0,0.25,0.4,1,prediction_jsonl,True
radar_confidence_gated,313,15,1.0,0.25,0.4,1,prediction_jsonl,True
radar_confidence_gated,314,15,1.0,0.25,0.4,1,prediction_jsonl,True
radar_confidence_gated,315,15,1.0,0.25,0.4,1,prediction_jsonl,True
radar_confidence_gated,316,15,1.0,0.25,0.4,1,prediction_jsonl,True
radar_confidence_gated,317,15,1.0,0.25,0.4,1,prediction_jsonl,True
radar_confidence_gated,318,15,1.0,0.25,0.4,1,prediction_jsonl,True
radar_confidence_gated,319,15,1.0,0.24166666666666667,0.38926174496644295,1,prediction_jsonl,True
radar_confidence_gated,320,15,1.0,0.24166666666666667,0.38926174496644295,1,prediction_jsonl,True
radar_confidence_gated,321,15,1.0,0.23333333333333334,0.37837837837837834,1,prediction_jsonl,True
radar_confidence_gated,322,15,1.0,0.23333333333333334,0.37837837837837834,1,prediction_jsonl,True
radar_confidence_gated,323,15,1.0,0.23333333333333334,0.37837837837837834,1,prediction_jsonl,True
radar_confidence_gated,324,15,1.0,0.23333333333333334,0.37837837837837834,1,prediction_jsonl,True
radar_confidence_gated,325,15,1.0,0.23333333333333334,0.37837837837837834,1,prediction_jsonl,True
radar_confidence_gated,326,15,1.0,0.23333333333333334,0.37837837837837834,1,prediction_jsonl,True
radar_confidence_gated,327,15,1.0,0.23333333333333334,0.37837837837837834,1,prediction_jsonl,True
radar_confidence_gated,328,15,1.0,0.23333333333333334,0.37837837837837834,1,prediction_jsonl,True
radar_confidence_gated,329,15,1.0,0.23333333333333334,0.37837837837837834,1,prediction_jsonl,True
radar_confidence_gated,330,15,1.0,0.23333333333333334,0.37837837837837834,1,prediction_jsonl,True
radar_confidence_gated,331,15,1.0,0.23333333333333334,0.37837837837837834,1,prediction_jsonl,True
radar_confidence_gated,332,15,1.0,0.23333333333333334,0.37837837837837834,1,prediction_jsonl,True
radar_confidence_gated,333,15,1.0,0.23333333333333334,0.37837837837837834,1,prediction_jsonl,True
radar_confidence_gated,334,15,1.0,0.24166666666666667,0.38926174496644295,1,prediction_jsonl,True
radar_confidence_gated,335,15,1.0,0.24166666666666667,0.38926174496644295,1,prediction_jsonl,True
radar_confidence_gated,336,15,1.0,0.25,0.4,1,prediction_jsonl,True
radar_confidence_gated,337,15,1.0,0.25,0.4,1,prediction_jsonl,True
radar_confidence_gated,338,15,1.0,0.25,0.4,1,prediction_jsonl,True
radar_confidence_gated,339,15,1.0,0.25,0.4,1,prediction_jsonl,True
radar_confidence_gated,340,15,1.0,0.25,0.4,1,prediction_jsonl,True
radar_confidence_gated,341,15,0.967741935483871,0.25,0.3973509933774834,2,prediction_jsonl,True
radar_confidence_gated,342,15,0.967741935483871,0.25,0.3973509933774834,2,prediction_jsonl,True
radar_confidence_gated,343,15,0.967741935483871,0.25,0.3973509933774834,2,prediction_jsonl,True
radar_confidence_gated,344,15,0.967741935483871,0.25,0.3973509933774834,2,prediction_jsonl,True
radar_confidence_gated,345,15,0.967741935483871,0.25,0.3973509933774834,2,prediction_jsonl,True
radar_confidence_gated,346,15,0.967741935483871,0.25,0.3973509933774834,2,prediction_jsonl,True
radar_confidence_gated,347,15,0.967741935483871,0.25,0.3973509933774834,2,prediction_jsonl,True
radar_confidence_gated,348,15,0.967741935483871,0.25,0.3973509933774834,2,prediction_jsonl,True
radar_confidence_gated,349,15,0.967741935483871,0.25,0.3973509933774834,2,prediction_jsonl,True
radar_confidence_gated,350,15,0.967741935483871,0.25,0.3973509933774834,2,prediction_jsonl,True
radar_confidence_gated,351,15,0.967741935483871,0.25,0.3973509933774834,2,prediction_jsonl,True
radar_confidence_gated,352,15,0.967741935483871,0.25,0.3973509933774834,2,prediction_jsonl,True
radar_confidence_gated,353,15,0.967741935483871,0.25,0.3973509933774834,2,prediction_jsonl,True
radar_confidence_gated,354,15,0.967741935483871,0.25,0.3973509933774834,2,prediction_jsonl,True
radar_confidence_gated,355,15,0.967741935483871,0.25,0.3973509933774834,2,prediction_jsonl,True
radar_confidence_gated,356,15,1.0,0.25,0.4,2,prediction_jsonl,True
radar_confidence_gated,357,15,1.0,0.25,0.4,2,prediction_jsonl,True
radar_confidence_gated,358,15,1.0,0.25,0.4,2,prediction_jsonl,True
radar_confidence_gated,359,15,1.0,0.25,0.4,2,prediction_jsonl,True
radar_confidence_gated,360,15,1.0,0.25,0.4,2,prediction_jsonl,True
radar_confidence_gated,361,15,0.967741935483871,0.25,0.3973509933774834,3,prediction_jsonl,True
radar_confidence_gated,362,15,0.967741935483871,0.25,0.3973509933774834,3,prediction_jsonl,True
radar_confidence_gated,363,15,0.967741935483871,0.25,0.3973509933774834,3,prediction_jsonl,True
radar_confidence_gated,364,15,0.967741935483871,0.25,0.3973509933774834,3,prediction_jsonl,True
radar_confidence_gated,365,15,0.967741935483871,0.25,0.3973509933774834,3,prediction_jsonl,True
radar_confidence_gated,366,15,0.967741935483871,0.25,0.3973509933774834,3,prediction_jsonl,True
radar_confidence_gated,367,15,0.967741935483871,0.25,0.3973509933774834,3,prediction_jsonl,True
radar_confidence_gated,368,15,0.967741935483871,0.25,0.3973509933774834,3,prediction_jsonl,True
radar_confidence_gated,369,15,0.967741935483871,0.25,0.3973509933774834,3,prediction_jsonl,True
radar_confidence_gated,370,15,0.967741935483871,0.25,0.3973509933774834,3,prediction_jsonl,True
radar_confidence_gated,371,15,0.967741935483871,0.25,0.3973509933774834,3,prediction_jsonl,True
radar_confidence_gated,372,15,0.967741935483871,0.25,0.3973509933774834,3,prediction_jsonl,True
radar_confidence_gated,373,15,0.967741935483871,0.25,0.3973509933774834,3,prediction_jsonl,True
radar_confidence_gated,374,15,0.967741935483871,0.25,0.3973509933774834,3,prediction_jsonl,True
radar_confidence_gated,375,15,0.967741935483871,0.25,0.3973509933774834,3,prediction_jsonl,True
radar_confidence_gated,376,15,1.0,0.25,0.4,3,prediction_jsonl,True
radar_confidence_gated,377,15,1.0,0.25,0.4,3,prediction_jsonl,True
radar_confidence_gated,378,15,1.0,0.25,0.4,3,prediction_jsonl,True
radar_confidence_gated,379,15,1.0,0.25,0.4,3,prediction_jsonl,True
radar_confidence_gated,380,15,1.0,0.25,0.4,3,prediction_jsonl,True
radar_confidence_gated,381,15,1.0,0.25,0.4,3,prediction_jsonl,True
radar_confidence_gated,382,15,1.0,0.25,0.4,3,prediction_jsonl,True
radar_confidence_gated,383,15,1.0,0.25,0.4,3,prediction_jsonl,True
radar_confidence_gated,384,15,1.0,0.25,0.4,3,prediction_jsonl,True
radar_confidence_gated,385,15,1.0,0.25,0.4,3,prediction_jsonl,True
radar_confidence_gated,386,15,1.0,0.25,0.4,3,prediction_jsonl,True
radar_confidence_gated,387,15,1.0,0.25,0.4,3,prediction_jsonl,True
radar_confidence_gated,388,15,1.0,0.25,0.4,3,prediction_jsonl,True
radar_confidence_gated,389,15,1.0,0.25,0.4,3,prediction_jsonl,True
radar_confidence_gated,390,15,1.0,0.24166666666666667,0.38926174496644295,3,prediction_jsonl,True
radar_confidence_gated,391,15,1.0,0.23333333333333334,0.37837837837837834,3,prediction_jsonl,True
radar_confidence_gated,392,15,1.0,0.225,0.36734693877551017,3,prediction_jsonl,True
radar_confidence_gated,393,15,1.0,0.225,0.36734693877551017,3,prediction_jsonl,True
radar_confidence_gated,394,15,0.9642857142857143,0.225,0.36486486486486486,4,prediction_jsonl,True
radar_confidence_gated,395,15,0.9310344827586207,0.225,0.36241610738255037,5,prediction_jsonl,True
radar_confidence_gated,396,15,0.9310344827586207,0.225,0.36241610738255037,5,prediction_jsonl,True
radar_confidence_gated,397,15,0.9285714285714286,0.21666666666666667,0.35135135135135137,5,prediction_jsonl,True
radar_confidence_gated,398,15,0.9259259259259259,0.20833333333333334,0.3401360544217687,5,prediction_jsonl,True
radar_confidence_gated,399,15,0.9259259259259259,0.20833333333333334,0.3401360544217687,5,prediction_jsonl,True
radar_confidence_gated,400,15,0.9230769230769231,0.2,0.32876712328767127,5,prediction_jsonl,True
radar_confidence_gated,401,15,0.9230769230769231,0.2,0.32876712328767127,5,prediction_jsonl,True
radar_confidence_gated,402,15,0.9230769230769231,0.2,0.32876712328767127,5,prediction_jsonl,True
radar_confidence_gated,403,15,0.9230769230769231,0.2,0.32876712328767127,5,prediction_jsonl,True
radar_confidence_gated,404,15,0.9230769230769231,0.2,0.32876712328767127,5,prediction_jsonl,True
radar_confidence_gated,405,15,0.9259259259259259,0.20833333333333334,0.3401360544217687,5,prediction_jsonl,True
radar_confidence_gated,406,15,0.9285714285714286,0.21666666666666667,0.35135135135135137,5,prediction_jsonl,True
radar_confidence_gated,407,15,0.9310344827586207,0.225,0.36241610738255037,5,prediction_jsonl,True
radar_confidence_gated,408,15,0.9310344827586207,0.225,0.36241610738255037,5,prediction_jsonl,True
radar_confidence_gated,409,15,0.9642857142857143,0.225,0.36486486486486486,5,prediction_jsonl,True
radar_confidence_gated,410,15,1.0,0.225,0.36734693877551017,5,prediction_jsonl,True
radar_confidence_gated,411,15,1.0,0.225,0.36734693877551017,5,prediction_jsonl,True
radar_confidence_gated,412,15,0.9655172413793104,0.23333333333333334,0.3758389261744967,6,prediction_jsonl,True
radar_confidence_gated,413,15,0.9666666666666667,0.24166666666666667,0.38666666666666666,6,prediction_jsonl,True
radar_confidence_gated,414,15,0.9333333333333333,0.23333333333333334,0.37333333333333335,7,prediction_jsonl,True
radar_confidence_gated,415,15,0.9354838709677419,0.24166666666666667,0.3841059602649007,7,prediction_jsonl,True
radar_confidence_gated,416,15,0.90625,0.24166666666666667,0.3815789473684211,8,prediction_jsonl,True
radar_confidence_gated,417,15,0.90625,0.24166666666666667,0.3815789473684211,8,prediction_jsonl,True
radar_confidence_gated,418,15,0.90625,0.24166666666666667,0.3815789473684211,8,prediction_jsonl,True
vision_only_tiled,119,1,1.0,0.2222222222222222,0.3636363636363636,0,prediction_jsonl,True
vision_only_tiled,120,2,1.0,0.2222222222222222,0.3636363636363636,0,prediction_jsonl,True
vision_only_tiled,121,3,1.0,0.2222222222222222,0.3636363636363636,0,prediction_jsonl,True
vision_only_tiled,122,4,1.0,0.2222222222222222,0.3636363636363636,0,prediction_jsonl,True
vision_only_tiled,123,5,1.0,0.2222222222222222,0.3636363636363636,0,prediction_jsonl,True
vision_only_tiled,124,6,1.0,0.2222222222222222,0.3636363636363636,0,prediction_jsonl,True
vision_only_tiled,125,7,1.0,0.2222222222222222,0.3636363636363636,0,prediction_jsonl,True
vision_only_tiled,126,8,1.0,0.2222222222222222,0.3636363636363636,0,prediction_jsonl,True
vision_only_tiled,127,9,1.0,0.2222222222222222,0.3636363636363636,0,prediction_jsonl,True
vision_only_tiled,128,10,1.0,0.2222222222222222,0.3636363636363636,0,prediction_jsonl,True
vision_only_tiled,129,11,1.0,0.2222222222222222,0.3636363636363636,0,prediction_jsonl,True
vision_only_tiled,130,12,1.0,0.2222222222222222,0.3636363636363636,0,prediction_jsonl,True
vision_only_tiled,131,13,1.0,0.2222222222222222,0.3636363636363636,0,prediction_jsonl,True
vision_only_tiled,132,14,1.0,0.2222222222222222,0.3636363636363636,0,prediction_jsonl,True
vision_only_tiled,133,15,1.0,0.2222222222222222,0.3636363636363636,0,prediction_jsonl,True
vision_only_tiled,134,15,1.0,0.2222222222222222,0.3636363636363636,0,prediction_jsonl,True
vision_only_tiled,135,15,1.0,0.2222222222222222,0.3636363636363636,0,prediction_jsonl,True
vision_only_tiled,136,15,1.0,0.2222222222222222,0.3636363636363636,0,prediction_jsonl,True
vision_only_tiled,137,15,1.0,0.2222222222222222,0.3636363636363636,0,prediction_jsonl,True
vision_only_tiled,138,15,1.0,0.21481481481481482,0.3536585365853659,0,prediction_jsonl,True
vision_only_tiled,139,15,1.0,0.21481481481481482,0.3536585365853659,0,prediction_jsonl,True
vision_only_tiled,140,15,1.0,0.21481481481481482,0.3536585365853659,0,prediction_jsonl,True
vision_only_tiled,141,15,1.0,0.21481481481481482,0.3536585365853659,0,prediction_jsonl,True
vision_only_tiled,142,15,1.0,0.21481481481481482,0.3536585365853659,0,prediction_jsonl,True
vision_only_tiled,143,15,1.0,0.21481481481481482,0.3536585365853659,0,prediction_jsonl,True
vision_only_tiled,144,15,1.0,0.21481481481481482,0.3536585365853659,0,prediction_jsonl,True
vision_only_tiled,145,15,1.0,0.21481481481481482,0.3536585365853659,0,prediction_jsonl,True
vision_only_tiled,146,15,1.0,0.21481481481481482,0.3536585365853659,0,prediction_jsonl,True
vision_only_tiled,147,15,1.0,0.21481481481481482,0.3536585365853659,0,prediction_jsonl,True
vision_only_tiled,148,15,1.0,0.21481481481481482,0.3536585365853659,0,prediction_jsonl,True
vision_only_tiled,149,15,1.0,0.21481481481481482,0.3536585365853659,0,prediction_jsonl,True
vision_only_tiled,150,15,1.0,0.21481481481481482,0.3536585365853659,0,prediction_jsonl,True
vision_only_tiled,151,15,1.0,0.21481481481481482,0.3536585365853659,0,prediction_jsonl,True
vision_only_tiled,152,15,1.0,0.21481481481481482,0.3536585365853659,0,prediction_jsonl,True
vision_only_tiled,153,15,1.0,0.2222222222222222,0.3636363636363636,0,prediction_jsonl,True
vision_only_tiled,154,15,1.0,0.2222222222222222,0.3636363636363636,0,prediction_jsonl,True
vision_only_tiled,155,15,1.0,0.2222222222222222,0.3636363636363636,0,prediction_jsonl,True
vision_only_tiled,156,15,1.0,0.2222222222222222,0.3636363636363636,0,prediction_jsonl,True
vision_only_tiled,157,15,1.0,0.2222222222222222,0.3636363636363636,0,prediction_jsonl,True
vision_only_tiled,158,15,1.0,0.2222222222222222,0.3636363636363636,0,prediction_jsonl,True
vision_only_tiled,159,15,1.0,0.2222222222222222,0.3636363636363636,0,prediction_jsonl,True
vision_only_tiled,160,15,1.0,0.2222222222222222,0.3636363636363636,0,prediction_jsonl,True
vision_only_tiled,161,15,1.0,0.2222222222222222,0.3636363636363636,0,prediction_jsonl,True
vision_only_tiled,162,15,1.0,0.2222222222222222,0.3636363636363636,0,prediction_jsonl,True
vision_only_tiled,163,15,1.0,0.2222222222222222,0.3636363636363636,0,prediction_jsonl,True
vision_only_tiled,164,15,1.0,0.2222222222222222,0.3636363636363636,0,prediction_jsonl,True
vision_only_tiled,165,15,1.0,0.2222222222222222,0.3636363636363636,0,prediction_jsonl,True
vision_only_tiled,166,15,1.0,0.2222222222222222,0.3636363636363636,0,prediction_jsonl,True
vision_only_tiled,167,15,1.0,0.2222222222222222,0.3636363636363636,0,prediction_jsonl,True
vision_only_tiled,168,15,1.0,0.2222222222222222,0.3636363636363636,0,prediction_jsonl,True
vision_only_tiled,169,15,1.0,0.2222222222222222,0.3636363636363636,0,prediction_jsonl,True
vision_only_tiled,170,15,1.0,0.2222222222222222,0.3636363636363636,0,prediction_jsonl,True
vision_only_tiled,171,15,1.0,0.2222222222222222,0.3636363636363636,0,prediction_jsonl,True
vision_only_tiled,172,15,1.0,0.21481481481481482,0.3536585365853659,0,prediction_jsonl,True
vision_only_tiled,173,15,1.0,0.2074074074074074,0.3435582822085889,0,prediction_jsonl,True
vision_only_tiled,174,15,1.0,0.2,0.33333333333333337,0,prediction_jsonl,True
vision_only_tiled,175,15,1.0,0.2,0.33333333333333337,0,prediction_jsonl,True
vision_only_tiled,176,15,1.0,0.2,0.33333333333333337,0,prediction_jsonl,True
vision_only_tiled,177,15,1.0,0.1925925925925926,0.32298136645962733,0,prediction_jsonl,True
vision_only_tiled,178,15,1.0,0.1925925925925926,0.32298136645962733,0,prediction_jsonl,True
vision_only_tiled,179,15,1.0,0.18518518518518517,0.3125,0,prediction_jsonl,True
vision_only_tiled,180,15,1.0,0.18518518518518517,0.3125,0,prediction_jsonl,True
vision_only_tiled,181,15,1.0,0.18518518518518517,0.3125,0,prediction_jsonl,True
vision_only_tiled,182,15,1.0,0.18518518518518517,0.3125,0,prediction_jsonl,True
vision_only_tiled,183,15,1.0,0.17777777777777778,0.3018867924528302,0,prediction_jsonl,True
vision_only_tiled,184,15,1.0,0.17777777777777778,0.3018867924528302,0,prediction_jsonl,True
vision_only_tiled,185,15,1.0,0.17777777777777778,0.3018867924528302,0,prediction_jsonl,True
vision_only_tiled,186,15,1.0,0.17037037037037037,0.2911392405063291,0,prediction_jsonl,True
vision_only_tiled,187,15,1.0,0.17777777777777778,0.3018867924528302,0,prediction_jsonl,True
vision_only_tiled,188,15,1.0,0.18518518518518517,0.3125,0,prediction_jsonl,True
vision_only_tiled,189,15,1.0,0.1925925925925926,0.32298136645962733,0,prediction_jsonl,True
vision_only_tiled,190,15,1.0,0.1925925925925926,0.32298136645962733,0,prediction_jsonl,True
vision_only_tiled,191,15,1.0,0.18518518518518517,0.3125,0,prediction_jsonl,True
vision_only_tiled,192,15,1.0,0.1925925925925926,0.32298136645962733,0,prediction_jsonl,True
vision_only_tiled,193,15,1.0,0.18518518518518517,0.3125,0,prediction_jsonl,True
vision_only_tiled,194,15,1.0,0.18518518518518517,0.3125,0,prediction_jsonl,True
vision_only_tiled,195,15,1.0,0.17777777777777778,0.3018867924528302,0,prediction_jsonl,True
vision_only_tiled,196,15,1.0,0.17037037037037037,0.2911392405063291,0,prediction_jsonl,True
vision_only_tiled,197,15,1.0,0.16296296296296298,0.2802547770700637,0,prediction_jsonl,True
vision_only_tiled,198,15,1.0,0.16296296296296298,0.2802547770700637,0,prediction_jsonl,True
vision_only_tiled,199,15,1.0,0.15555555555555556,0.2692307692307693,0,prediction_jsonl,True
vision_only_tiled,200,15,1.0,0.15555555555555556,0.2692307692307693,0,prediction_jsonl,True
vision_only_tiled,201,15,1.0,0.16296296296296298,0.2802547770700637,0,prediction_jsonl,True
vision_only_tiled,202,15,1.0,0.15555555555555556,0.2692307692307693,0,prediction_jsonl,True
vision_only_tiled,203,15,1.0,0.14814814814814814,0.25806451612903225,0,prediction_jsonl,True
vision_only_tiled,204,15,1.0,0.14814814814814814,0.25806451612903225,0,prediction_jsonl,True
vision_only_tiled,205,15,1.0,0.14814814814814814,0.25806451612903225,0,prediction_jsonl,True
vision_only_tiled,206,15,1.0,0.15555555555555556,0.2692307692307693,0,prediction_jsonl,True
vision_only_tiled,207,15,1.0,0.15555555555555556,0.2692307692307693,0,prediction_jsonl,True
vision_only_tiled,208,15,1.0,0.16296296296296298,0.2802547770700637,0,prediction_jsonl,True
vision_only_tiled,209,15,1.0,0.16296296296296298,0.2802547770700637,0,prediction_jsonl,True
vision_only_tiled,210,15,1.0,0.17037037037037037,0.2911392405063291,0,prediction_jsonl,True
vision_only_tiled,211,15,1.0,0.1791044776119403,0.30379746835443033,0,prediction_jsonl,True
vision_only_tiled,212,15,1.0,0.18796992481203006,0.3164556962025316,0,prediction_jsonl,True
vision_only_tiled,213,15,1.0,0.1893939393939394,0.3184713375796178,0,prediction_jsonl,True
vision_only_tiled,214,15,1.0,0.1984732824427481,0.33121019108280253,0,prediction_jsonl,True
vision_only_tiled,215,15,1.0,0.19230769230769232,0.32258064516129037,0,prediction_jsonl,True
vision_only_tiled,216,15,1.0,0.18604651162790697,0.3137254901960785,0,prediction_jsonl,True
vision_only_tiled,217,15,1.0,0.1875,0.3157894736842105,0,prediction_jsonl,True
vision_only_tiled,218,15,1.0,0.1889763779527559,0.3178807947019867,0,prediction_jsonl,True
vision_only_tiled,219,15,1.0,0.19047619047619047,0.32,0,prediction_jsonl,True
vision_only_tiled,220,15,1.0,0.184,0.3108108108108108,0,prediction_jsonl,True
vision_only_tiled,221,15,1.0,0.18548387096774194,0.3129251700680272,0,prediction_jsonl,True
vision_only_tiled,222,15,1.0,0.18699186991869918,0.3150684931506849,0,prediction_jsonl,True
vision_only_tiled,223,15,1.0,0.1885245901639344,0.31724137931034485,0,prediction_jsonl,True
vision_only_tiled,224,15,1.0,0.19834710743801653,0.3310344827586207,0,prediction_jsonl,True
vision_only_tiled,225,15,1.0,0.2,0.33333333333333337,0,prediction_jsonl,True
vision_only_tiled,226,15,1.0,0.2,0.33333333333333337,0,prediction_jsonl,True
vision_only_tiled,227,15,1.0,0.2,0.33333333333333337,0,prediction_jsonl,True
vision_only_tiled,228,15,1.0,0.20833333333333334,0.3448275862068966,0,prediction_jsonl,True
vision_only_tiled,229,15,1.0,0.2,0.33333333333333337,0,prediction_jsonl,True
vision_only_tiled,230,15,1.0,0.20833333333333334,0.3448275862068966,0,prediction_jsonl,True
vision_only_tiled,231,15,1.0,0.21666666666666667,0.3561643835616438,0,prediction_jsonl,True
vision_only_tiled,232,15,1.0,0.225,0.36734693877551017,0,prediction_jsonl,True
vision_only_tiled,233,15,1.0,0.225,0.36734693877551017,0,prediction_jsonl,True
vision_only_tiled,234,15,1.0,0.21666666666666667,0.3561643835616438,0,prediction_jsonl,True
vision_only_tiled,235,15,1.0,0.21666666666666667,0.3561643835616438,0,prediction_jsonl,True
vision_only_tiled,236,15,1.0,0.20833333333333334,0.3448275862068966,0,prediction_jsonl,True
vision_only_tiled,237,15,1.0,0.2,0.33333333333333337,0,prediction_jsonl,True
vision_only_tiled,238,15,1.0,0.19166666666666668,0.3216783216783217,0,prediction_jsonl,True
vision_only_tiled,239,15,1.0,0.18333333333333332,0.30985915492957744,0,prediction_jsonl,True
vision_only_tiled,240,15,1.0,0.18333333333333332,0.30985915492957744,0,prediction_jsonl,True
vision_only_tiled,241,15,1.0,0.18333333333333332,0.30985915492957744,0,prediction_jsonl,True
vision_only_tiled,242,15,1.0,0.18333333333333332,0.30985915492957744,0,prediction_jsonl,True
vision_only_tiled,243,15,1.0,0.18333333333333332,0.30985915492957744,0,prediction_jsonl,True
vision_only_tiled,244,15,1.0,0.19166666666666668,0.3216783216783217,0,prediction_jsonl,True
vision_only_tiled,245,15,1.0,0.19166666666666668,0.3216783216783217,0,prediction_jsonl,True
vision_only_tiled,246,15,1.0,0.19166666666666668,0.3216783216783217,0,prediction_jsonl,True
vision_only_tiled,247,15,1.0,0.19166666666666668,0.3216783216783217,0,prediction_jsonl,True
vision_only_tiled,248,15,1.0,0.2,0.33333333333333337,0,prediction_jsonl,True
vision_only_tiled,249,15,1.0,0.20833333333333334,0.3448275862068966,0,prediction_jsonl,True
vision_only_tiled,250,15,1.0,0.21666666666666667,0.3561643835616438,0,prediction_jsonl,True
vision_only_tiled,251,15,1.0,0.225,0.36734693877551017,0,prediction_jsonl,True
vision_only_tiled,252,15,1.0,0.23333333333333334,0.37837837837837834,0,prediction_jsonl,True
vision_only_tiled,253,15,1.0,0.24166666666666667,0.38926174496644295,0,prediction_jsonl,True
vision_only_tiled,254,15,1.0,0.25,0.4,0,prediction_jsonl,True
vision_only_tiled,255,15,1.0,0.25,0.4,0,prediction_jsonl,True
vision_only_tiled,256,15,1.0,0.25,0.4,0,prediction_jsonl,True
vision_only_tiled,257,15,1.0,0.25,0.4,0,prediction_jsonl,True
vision_only_tiled,258,15,1.0,0.25,0.4,0,prediction_jsonl,True
vision_only_tiled,259,15,1.0,0.25,0.4,0,prediction_jsonl,True
vision_only_tiled,260,15,1.0,0.25,0.4,0,prediction_jsonl,True
vision_only_tiled,261,15,1.0,0.25,0.4,0,prediction_jsonl,True
vision_only_tiled,262,15,1.0,0.25,0.4,0,prediction_jsonl,True
vision_only_tiled,263,15,1.0,0.25,0.4,0,prediction_jsonl,True
vision_only_tiled,264,15,1.0,0.25,0.4,0,prediction_jsonl,True
vision_only_tiled,265,15,1.0,0.25,0.4,0,prediction_jsonl,True
vision_only_tiled,266,15,1.0,0.25,0.4,0,prediction_jsonl,True
vision_only_tiled,267,15,1.0,0.24166666666666667,0.38926174496644295,0,prediction_jsonl,True
vision_only_tiled,268,15,1.0,0.24166666666666667,0.38926174496644295,0,prediction_jsonl,True
vision_only_tiled,269,15,1.0,0.23333333333333334,0.37837837837837834,0,prediction_jsonl,True
vision_only_tiled,270,15,1.0,0.23333333333333334,0.37837837837837834,0,prediction_jsonl,True
vision_only_tiled,271,15,1.0,0.23333333333333334,0.37837837837837834,0,prediction_jsonl,True
vision_only_tiled,272,15,1.0,0.23333333333333334,0.37837837837837834,0,prediction_jsonl,True
vision_only_tiled,273,15,1.0,0.23333333333333334,0.37837837837837834,0,prediction_jsonl,True
vision_only_tiled,274,15,1.0,0.225,0.36734693877551017,0,prediction_jsonl,True
vision_only_tiled,275,15,1.0,0.225,0.36734693877551017,0,prediction_jsonl,True
vision_only_tiled,276,15,1.0,0.225,0.36734693877551017,0,prediction_jsonl,True
vision_only_tiled,277,15,1.0,0.225,0.36734693877551017,0,prediction_jsonl,True
vision_only_tiled,278,15,1.0,0.225,0.36734693877551017,0,prediction_jsonl,True
vision_only_tiled,279,15,1.0,0.225,0.36734693877551017,0,prediction_jsonl,True
vision_only_tiled,280,15,1.0,0.225,0.36734693877551017,0,prediction_jsonl,True
vision_only_tiled,281,15,1.0,0.225,0.36734693877551017,0,prediction_jsonl,True
vision_only_tiled,282,15,1.0,0.23333333333333334,0.37837837837837834,0,prediction_jsonl,True
vision_only_tiled,283,15,1.0,0.23333333333333334,0.37837837837837834,0,prediction_jsonl,True
vision_only_tiled,284,15,1.0,0.24166666666666667,0.38926174496644295,0,prediction_jsonl,True
vision_only_tiled,285,15,1.0,0.24166666666666667,0.38926174496644295,0,prediction_jsonl,True
vision_only_tiled,286,15,1.0,0.24166666666666667,0.38926174496644295,0,prediction_jsonl,True
vision_only_tiled,287,15,1.0,0.24166666666666667,0.38926174496644295,0,prediction_jsonl,True
vision_only_tiled,288,15,1.0,0.24166666666666667,0.38926174496644295,0,prediction_jsonl,True
vision_only_tiled,289,15,1.0,0.25,0.4,0,prediction_jsonl,True
vision_only_tiled,290,15,1.0,0.25,0.4,0,prediction_jsonl,True
vision_only_tiled,291,15,1.0,0.25,0.4,0,prediction_jsonl,True
vision_only_tiled,292,15,1.0,0.25,0.4,0,prediction_jsonl,True
vision_only_tiled,293,15,1.0,0.25,0.4,0,prediction_jsonl,True
vision_only_tiled,294,15,1.0,0.25,0.4,0,prediction_jsonl,True
vision_only_tiled,295,15,1.0,0.25,0.4,0,prediction_jsonl,True
vision_only_tiled,296,15,1.0,0.25,0.4,0,prediction_jsonl,True
vision_only_tiled,297,15,1.0,0.25,0.4,0,prediction_jsonl,True
vision_only_tiled,298,15,1.0,0.25,0.4,0,prediction_jsonl,True
vision_only_tiled,299,15,1.0,0.25,0.4,0,prediction_jsonl,True
vision_only_tiled,300,15,1.0,0.25,0.4,0,prediction_jsonl,True
vision_only_tiled,301,15,1.0,0.25,0.4,0,prediction_jsonl,True
vision_only_tiled,302,15,1.0,0.25,0.4,0,prediction_jsonl,True
vision_only_tiled,303,15,1.0,0.25,0.4,0,prediction_jsonl,True
vision_only_tiled,304,15,1.0,0.25,0.4,0,prediction_jsonl,True
vision_only_tiled,305,15,1.0,0.25,0.4,0,prediction_jsonl,True
vision_only_tiled,306,15,1.0,0.25,0.4,0,prediction_jsonl,True
vision_only_tiled,307,15,1.0,0.25,0.4,0,prediction_jsonl,True
vision_only_tiled,308,15,1.0,0.25,0.4,0,prediction_jsonl,True
vision_only_tiled,309,15,1.0,0.25,0.4,0,prediction_jsonl,True
vision_only_tiled,310,15,1.0,0.25,0.4,0,prediction_jsonl,True
vision_only_tiled,311,15,1.0,0.25,0.4,0,prediction_jsonl,True
vision_only_tiled,312,15,1.0,0.25,0.4,0,prediction_jsonl,True
vision_only_tiled,313,15,1.0,0.25,0.4,0,prediction_jsonl,True
vision_only_tiled,314,15,1.0,0.25,0.4,0,prediction_jsonl,True
vision_only_tiled,315,15,1.0,0.25,0.4,0,prediction_jsonl,True
vision_only_tiled,316,15,1.0,0.24166666666666667,0.38926174496644295,0,prediction_jsonl,True
vision_only_tiled,317,15,1.0,0.24166666666666667,0.38926174496644295,0,prediction_jsonl,True
vision_only_tiled,318,15,1.0,0.24166666666666667,0.38926174496644295,0,prediction_jsonl,True
vision_only_tiled,319,15,1.0,0.23333333333333334,0.37837837837837834,0,prediction_jsonl,True
vision_only_tiled,320,15,1.0,0.23333333333333334,0.37837837837837834,0,prediction_jsonl,True
vision_only_tiled,321,15,1.0,0.225,0.36734693877551017,0,prediction_jsonl,True
vision_only_tiled,322,15,1.0,0.225,0.36734693877551017,0,prediction_jsonl,True
vision_only_tiled,323,15,1.0,0.225,0.36734693877551017,0,prediction_jsonl,True
vision_only_tiled,324,15,1.0,0.225,0.36734693877551017,0,prediction_jsonl,True
vision_only_tiled,325,15,1.0,0.225,0.36734693877551017,0,prediction_jsonl,True
vision_only_tiled,326,15,1.0,0.225,0.36734693877551017,0,prediction_jsonl,True
vision_only_tiled,327,15,1.0,0.21666666666666667,0.3561643835616438,0,prediction_jsonl,True
vision_only_tiled,328,15,1.0,0.21666666666666667,0.3561643835616438,0,prediction_jsonl,True
vision_only_tiled,329,15,1.0,0.21666666666666667,0.3561643835616438,0,prediction_jsonl,True
vision_only_tiled,330,15,1.0,0.21666666666666667,0.3561643835616438,0,prediction_jsonl,True
vision_only_tiled,331,15,1.0,0.225,0.36734693877551017,0,prediction_jsonl,True
vision_only_tiled,332,15,1.0,0.21666666666666667,0.3561643835616438,0,prediction_jsonl,True
vision_only_tiled,333,15,1.0,0.21666666666666667,0.3561643835616438,0,prediction_jsonl,True
vision_only_tiled,334,15,1.0,0.225,0.36734693877551017,0,prediction_jsonl,True
vision_only_tiled,335,15,1.0,0.225,0.36734693877551017,0,prediction_jsonl,True
vision_only_tiled,336,15,1.0,0.23333333333333334,0.37837837837837834,0,prediction_jsonl,True
vision_only_tiled,337,15,1.0,0.225,0.36734693877551017,0,prediction_jsonl,True
vision_only_tiled,338,15,1.0,0.225,0.36734693877551017,0,prediction_jsonl,True
vision_only_tiled,339,15,1.0,0.225,0.36734693877551017,0,prediction_jsonl,True
vision_only_tiled,340,15,1.0,0.225,0.36734693877551017,0,prediction_jsonl,True
vision_only_tiled,341,15,0.9642857142857143,0.225,0.36486486486486486,1,prediction_jsonl,True
vision_only_tiled,342,15,0.9655172413793104,0.23333333333333334,0.3758389261744967,1,prediction_jsonl,True
vision_only_tiled,343,15,0.9655172413793104,0.23333333333333334,0.3758389261744967,1,prediction_jsonl,True
vision_only_tiled,344,15,0.9655172413793104,0.23333333333333334,0.3758389261744967,1,prediction_jsonl,True
vision_only_tiled,345,15,0.9655172413793104,0.23333333333333334,0.3758389261744967,1,prediction_jsonl,True
vision_only_tiled,346,15,0.9655172413793104,0.23333333333333334,0.3758389261744967,1,prediction_jsonl,True
vision_only_tiled,347,15,0.9666666666666667,0.24166666666666667,0.38666666666666666,1,prediction_jsonl,True
vision_only_tiled,348,15,0.9666666666666667,0.24166666666666667,0.38666666666666666,1,prediction_jsonl,True
vision_only_tiled,349,15,0.9666666666666667,0.24166666666666667,0.38666666666666666,1,prediction_jsonl,True
vision_only_tiled,350,15,0.9666666666666667,0.24166666666666667,0.38666666666666666,1,prediction_jsonl,True
vision_only_tiled,351,15,0.9666666666666667,0.24166666666666667,0.38666666666666666,1,prediction_jsonl,True
vision_only_tiled,352,15,0.967741935483871,0.25,0.3973509933774834,1,prediction_jsonl,True
vision_only_tiled,353,15,0.9666666666666667,0.24166666666666667,0.38666666666666666,1,prediction_jsonl,True
vision_only_tiled,354,15,0.9666666666666667,0.24166666666666667,0.38666666666666666,1,prediction_jsonl,True
vision_only_tiled,355,15,0.9666666666666667,0.24166666666666667,0.38666666666666666,1,prediction_jsonl,True
vision_only_tiled,356,15,1.0,0.24166666666666667,0.38926174496644295,1,prediction_jsonl,True
vision_only_tiled,357,15,1.0,0.24166666666666667,0.38926174496644295,1,prediction_jsonl,True
vision_only_tiled,358,15,1.0,0.24166666666666667,0.38926174496644295,1,prediction_jsonl,True
vision_only_tiled,359,15,1.0,0.24166666666666667,0.38926174496644295,1,prediction_jsonl,True
vision_only_tiled,360,15,1.0,0.23333333333333334,0.37837837837837834,1,prediction_jsonl,True
vision_only_tiled,361,15,1.0,0.23333333333333334,0.37837837837837834,1,prediction_jsonl,True
vision_only_tiled,362,15,1.0,0.225,0.36734693877551017,1,prediction_jsonl,True
vision_only_tiled,363,15,1.0,0.21666666666666667,0.3561643835616438,1,prediction_jsonl,True
vision_only_tiled,364,15,1.0,0.21666666666666667,0.3561643835616438,1,prediction_jsonl,True
vision_only_tiled,365,15,1.0,0.21666666666666667,0.3561643835616438,1,prediction_jsonl,True
vision_only_tiled,366,15,1.0,0.21666666666666667,0.3561643835616438,1,prediction_jsonl,True
vision_only_tiled,367,15,1.0,0.21666666666666667,0.3561643835616438,1,prediction_jsonl,True
vision_only_tiled,368,15,1.0,0.225,0.36734693877551017,1,prediction_jsonl,True
vision_only_tiled,369,15,1.0,0.225,0.36734693877551017,1,prediction_jsonl,True
vision_only_tiled,370,15,1.0,0.21666666666666667,0.3561643835616438,1,prediction_jsonl,True
vision_only_tiled,371,15,1.0,0.21666666666666667,0.3561643835616438,1,prediction_jsonl,True
vision_only_tiled,372,15,1.0,0.20833333333333334,0.3448275862068966,1,prediction_jsonl,True
vision_only_tiled,373,15,1.0,0.20833333333333334,0.3448275862068966,1,prediction_jsonl,True
vision_only_tiled,374,15,1.0,0.20833333333333334,0.3448275862068966,1,prediction_jsonl,True
vision_only_tiled,375,15,1.0,0.20833333333333334,0.3448275862068966,1,prediction_jsonl,True
vision_only_tiled,376,15,1.0,0.20833333333333334,0.3448275862068966,1,prediction_jsonl,True
vision_only_tiled,377,15,1.0,0.21666666666666667,0.3561643835616438,1,prediction_jsonl,True
vision_only_tiled,378,15,1.0,0.225,0.36734693877551017,1,prediction_jsonl,True
vision_only_tiled,379,15,1.0,0.225,0.36734693877551017,1,prediction_jsonl,True
vision_only_tiled,380,15,1.0,0.225,0.36734693877551017,1,prediction_jsonl,True
vision_only_tiled,381,15,1.0,0.225,0.36734693877551017,1,prediction_jsonl,True
vision_only_tiled,382,15,1.0,0.225,0.36734693877551017,1,prediction_jsonl,True
vision_only_tiled,383,15,1.0,0.225,0.36734693877551017,1,prediction_jsonl,True
vision_only_tiled,384,15,1.0,0.225,0.36734693877551017,1,prediction_jsonl,True
vision_only_tiled,385,15,1.0,0.23333333333333334,0.37837837837837834,1,prediction_jsonl,True
vision_only_tiled,386,15,1.0,0.23333333333333334,0.37837837837837834,1,prediction_jsonl,True
vision_only_tiled,387,15,1.0,0.23333333333333334,0.37837837837837834,1,prediction_jsonl,True
vision_only_tiled,388,15,1.0,0.225,0.36734693877551017,1,prediction_jsonl,True
vision_only_tiled,389,15,1.0,0.225,0.36734693877551017,1,prediction_jsonl,True
vision_only_tiled,390,15,1.0,0.225,0.36734693877551017,1,prediction_jsonl,True
vision_only_tiled,391,15,1.0,0.21666666666666667,0.3561643835616438,1,prediction_jsonl,True
vision_only_tiled,392,15,1.0,0.20833333333333334,0.3448275862068966,1,prediction_jsonl,True
vision_only_tiled,393,15,1.0,0.20833333333333334,0.3448275862068966,1,prediction_jsonl,True
vision_only_tiled,394,15,1.0,0.20833333333333334,0.3448275862068966,1,prediction_jsonl,True
vision_only_tiled,395,15,1.0,0.2,0.33333333333333337,1,prediction_jsonl,True
vision_only_tiled,396,15,1.0,0.2,0.33333333333333337,1,prediction_jsonl,True
vision_only_tiled,397,15,1.0,0.19166666666666668,0.3216783216783217,1,prediction_jsonl,True
vision_only_tiled,398,15,1.0,0.18333333333333332,0.30985915492957744,1,prediction_jsonl,True
vision_only_tiled,399,15,1.0,0.175,0.2978723404255319,1,prediction_jsonl,True
vision_only_tiled,400,15,1.0,0.16666666666666666,0.2857142857142857,1,prediction_jsonl,True
vision_only_tiled,401,15,1.0,0.16666666666666666,0.2857142857142857,1,prediction_jsonl,True
vision_only_tiled,402,15,1.0,0.175,0.2978723404255319,1,prediction_jsonl,True
vision_only_tiled,403,15,1.0,0.175,0.2978723404255319,1,prediction_jsonl,True
vision_only_tiled,404,15,1.0,0.16666666666666666,0.2857142857142857,1,prediction_jsonl,True
vision_only_tiled,405,15,1.0,0.16666666666666666,0.2857142857142857,1,prediction_jsonl,True
vision_only_tiled,406,15,1.0,0.16666666666666666,0.2857142857142857,1,prediction_jsonl,True
vision_only_tiled,407,15,1.0,0.175,0.2978723404255319,1,prediction_jsonl,True
vision_only_tiled,408,15,1.0,0.175,0.2978723404255319,1,prediction_jsonl,True
vision_only_tiled,409,15,1.0,0.175,0.2978723404255319,1,prediction_jsonl,True
vision_only_tiled,410,15,1.0,0.18333333333333332,0.30985915492957744,1,prediction_jsonl,True
vision_only_tiled,411,15,1.0,0.18333333333333332,0.30985915492957744,1,prediction_jsonl,True
vision_only_tiled,412,15,1.0,0.19166666666666668,0.3216783216783217,1,prediction_jsonl,True
vision_only_tiled,413,15,1.0,0.2,0.33333333333333337,1,prediction_jsonl,True
vision_only_tiled,414,15,1.0,0.2,0.33333333333333337,1,prediction_jsonl,True
vision_only_tiled,415,15,1.0,0.20833333333333334,0.3448275862068966,1,prediction_jsonl,True
vision_only_tiled,416,15,0.9615384615384616,0.20833333333333334,0.3424657534246575,2,prediction_jsonl,True
vision_only_tiled,417,15,0.9615384615384616,0.20833333333333334,0.3424657534246575,2,prediction_jsonl,True
vision_only_tiled,418,15,0.9615384615384616,0.20833333333333334,0.3424657534246575,2,prediction_jsonl,True
